id,target
10001,6
10002,17
10003,16
10004,2
10005,16
10006,7
10007,19
10008,11
10009,15
10010,15
10011,20
10012,12
10013,0
10014,13
10015,17
10016,20
10017,5
10018,17
10019,7
10020,5
10021,10
10022,4
10023,5
10024,10
10025,5
10026,6
10027,6
10028,19
10029,11
10030,1
10031,2
10032,17
10033,11
10034,20
10035,16
10036,14
10037,20
10038,0
10039,17
10040,3
10041,11
10042,5
10043,12
10044,3
10045,7
10046,13
10047,0
10048,9
10049,6
10050,0
10051,8
10052,3
10053,12
10054,19
10055,6
10056,5
10057,16
10058,14
10059,10
10060,9
10061,5
10062,15
10063,9
10064,19
10065,9
10066,1
10067,18
10068,20
10069,13
10070,12
10071,19
10072,12
10073,19
10074,9
10075,18
10076,4
10077,20
10078,11
10079,0
10080,14
10081,3
10082,14
10083,15
10084,8
10085,9
10086,2
10087,0
10088,2
10089,14
10090,2
10091,7
10092,10
10093,3
10094,15
10095,2
10096,5
10097,8
10098,5
10099,18
10100,0
10101,20
10102,2
10103,8
10104,19
10105,14
10106,20
10107,3
10108,10
10109,12
10110,10
10111,9
10112,19
10113,3
10114,17
10115,7
10116,12
10117,14
10118,11
10119,13
10120,19
10121,20
10122,10
10123,17
10124,6
10125,15
10126,3
10127,8
10128,12
10129,1
10130,3
10131,3
10132,4
10133,11
10134,8
10135,13
10136,11
10137,16
10138,0
10139,20
10140,6
10141,10
10142,12
10143,13
10144,13
10145,13
10146,14
10147,8
10148,14
10149,16
10150,7
10151,16
10152,1
10153,9
10154,4
10155,20
10156,5
10157,1
10158,10
10159,2
10160,9
10161,9
10162,15
10163,9
10164,20
10165,16
10166,3
10167,17
10168,0
10169,10
10170,17
10171,5
10172,0
10173,20
10174,19
10175,15
10176,11
10177,2
10178,10
10179,15
10180,16
10181,5
10182,2
10183,13
10184,14
10185,17
10186,9
10187,15
10188,5
10189,1
10190,7
10191,15
10192,4
10193,9
10194,17
10195,8
10196,1
10197,2
10198,8
10199,12
10200,0
10201,3
10202,5
10203,16
10204,5
10205,8
10206,11
10207,10
10208,20
10209,3
10210,13
10211,5
10212,10
10213,1
10214,14
10215,1
10216,20
10217,19
10218,17
10219,14
10220,18
10221,20
10222,6
10223,10
10224,5
10225,1
10226,6
10227,18
10228,20
10229,10
10230,20
10231,12
10232,16
10233,20
10234,13
10235,11
10236,1
10237,7
10238,6
10239,5
10240,4
10241,6
10242,20
10243,7
10244,9
10245,6
10246,2
10247,4
10248,0
10249,1
10250,13
10251,19
10252,13
10253,12
10254,17
10255,16
10256,10
10257,0
10258,9
10259,9
10260,5
10261,11
10262,4
10263,5
10264,8
10265,17
10266,8
10267,6
10268,13
10269,0
10270,12
10271,20
10272,14
10273,20
10274,18
10275,12
10276,17
10277,7
10278,6
10279,15
10280,19
10281,13
10282,4
10283,8
10284,2
10285,3
10286,6
10287,14
10288,6
10289,7
10290,9
10291,9
10292,20
10293,5
10294,9
10295,11
10296,8
10297,18
10298,3
10299,7
10300,2
10301,18
10302,9
10303,5
10304,13
10305,0
10306,9
10307,19
10308,6
10309,20
10310,18
10311,14
10312,2
10313,3
10314,19
10315,0
10316,4
10317,5
10318,8
10319,9
10320,0
10321,2
10322,18
10323,10
10324,7
10325,9
10326,14
10327,15
10328,19
10329,2
10330,4
10331,7
10332,1
10333,1
10334,13
10335,17
10336,6
10337,5
10338,11
10339,10
10340,9
10341,8
10342,2
10343,14
10344,16
10345,16
10346,20
10347,16
10348,20
10349,10
10350,16
10351,8
10352,11
10353,13
10354,14
10355,1
10356,18
10357,11
10358,7
10359,6
10360,3
10361,1
10362,14
10363,13
10364,6
10365,9
10366,6
10367,13
10368,11
10369,12
10370,18
10371,15
10372,8
10373,9
10374,12
10375,0
10376,17
10377,7
10378,18
10379,9
10380,2
10381,11
10382,16
10383,12
10384,20
10385,12
10386,3
10387,3
10388,20
10389,3
10390,20
10391,8
10392,19
10393,19
10394,7
10395,15
10396,20
10397,3
10398,2
10399,13
10400,20
10401,7
10402,10
10403,15
10404,19
10405,7
10406,9
10407,2
10408,5
10409,16
10410,14
10411,4
10412,8
10413,0
10414,15
10415,11
10416,0
10417,9
10418,13
10419,0
10420,8
10421,18
10422,14
10423,4
10424,5
10425,1
10426,11
10427,14
10428,13
10429,8
10430,10
10431,7
10432,16
10433,13
10434,11
10435,5
10436,6
10437,4
10438,5
10439,11
10440,16
10441,8
10442,7
10443,9
10444,5
10445,12
10446,3
10447,5
10448,9
10449,7
10450,8
10451,5
10452,18
10453,4
10454,6
10455,9
10456,17
10457,17
10458,6
10459,11
10460,0
10461,20
10462,12
10463,8
10464,3
10465,10
10466,2
10467,12
10468,2
10469,20
10470,0
10471,9
10472,15
10473,11
10474,5
10475,9
10476,13
10477,12
10478,5
10479,12
10480,9
10481,11
10482,2
10483,19
10484,6
10485,0
10486,3
10487,10
10488,2
10489,12
10490,16
10491,12
10492,18
10493,8
10494,13
10495,4
10496,0
10497,15
10498,12
10499,8
10500,16
10501,20
10502,2
10503,11
10504,17
10505,14
10506,8
10507,6
10508,13
10509,18
10510,1
10511,5
10512,20
10513,6
10514,3
10515,19
10516,6
10517,13
10518,2
10519,14
10520,0
10521,6
10522,6
10523,6
10524,13
10525,12
10526,15
10527,13
10528,0
10529,9
10530,12
10531,13
10532,19
10533,17
10534,16
10535,8
10536,4
10537,6
10538,17
10539,2
10540,1
10541,16
10542,6
10543,8
10544,8
10545,15
10546,0
10547,13
10548,15
10549,19
10550,18
10551,10
10552,1
10553,6
10554,11
10555,3
10556,11
10557,2
10558,8
10559,0
10560,6
10561,7
10562,8
10563,9
10564,8
10565,0
10566,7
10567,2
10568,12
10569,1
10570,16
10571,14
10572,7
10573,18
10574,14
10575,2
10576,0
10577,6
10578,10
10579,14
10580,10
10581,5
10582,0
10583,18
10584,13
10585,2
10586,19
10587,17
10588,11
10589,5
10590,2
10591,1
10592,3
10593,10
10594,19
10595,11
10596,6
10597,6
10598,4
10599,0
10600,6
10601,9
10602,18
10603,4
10604,19
10605,5
10606,5
10607,13
10608,12
10609,19
10610,1
10611,20
10612,10
10613,7
10614,4
10615,12
10616,2
10617,5
10618,3
10619,2
10620,15
10621,4
10622,11
10623,5
10624,12
10625,17
10626,17
10627,17
10628,0
10629,0
10630,9
10631,20
10632,0
10633,19
10634,13
10635,15
10636,17
10637,4
10638,7
10639,3
10640,18
10641,3
10642,2
10643,16
10644,0
10645,9
10646,7
10647,5
10648,12
10649,9
10650,10
10651,9
10652,6
10653,11
10654,7
10655,18
10656,13
10657,11
10658,15
10659,5
10660,2
10661,10
10662,1
10663,2
10664,7
10665,7
10666,6
10667,3
10668,7
10669,19
10670,17
10671,2
10672,10
10673,8
10674,15
10675,17
10676,13
10677,4
10678,13
10679,14
10680,9
10681,6
10682,20
10683,20
10684,10
10685,18
10686,9
10687,2
10688,11
10689,0
10690,15
10691,15
10692,6
10693,2
10694,14
10695,13
10696,15
10697,2
10698,18
10699,20
10700,12
10701,18
10702,2
10703,15
10704,10
10705,2
10706,11
10707,13
10708,5
10709,18
10710,14
10711,2
10712,15
10713,13
10714,1
10715,8
10716,15
10717,0
10718,20
10719,11
10720,18
10721,7
10722,4
10723,2
10724,15
10725,0
10726,19
10727,20
10728,5
10729,9
10730,1
10731,12
10732,3
10733,8
10734,4
10735,18
10736,4
10737,7
10738,19
10739,8
10740,0
10741,20
10742,7
10743,15
10744,14
10745,14
10746,12
10747,19
10748,9
10749,4
10750,17
10751,19
10752,15
10753,7
10754,10
10755,9
10756,17
10757,3
10758,14
10759,19
10760,7
10761,20
10762,7
10763,18
10764,4
10765,14
10766,18
10767,20
10768,11
10769,4
10770,9
10771,7
10772,7
10773,12
10774,11
10775,18
10776,2
10777,13
10778,19
10779,17
10780,19
10781,11
10782,16
10783,14
10784,15
10785,20
10786,2
10787,19
10788,12
10789,18
10790,6
10791,14
10792,7
10793,15
10794,9
10795,9
10796,12
10797,11
10798,4
10799,10
10800,8
10801,6
10802,12
10803,19
10804,11
10805,12
10806,10
10807,19
10808,17
10809,0
10810,8
10811,10
10812,2
10813,5
10814,4
10815,9
10816,15
10817,6
10818,0
10819,8
10820,11
10821,4
10822,3
10823,14
10824,10
10825,14
10826,0
10827,5
10828,18
10829,10
10830,9
10831,4
10832,9
10833,20
10834,4
10835,16
10836,17
10837,10
10838,3
10839,7
10840,13
10841,20
10842,13
10843,10
10844,6
10845,10
10846,14
10847,16
10848,4
10849,6
10850,16
10851,3
10852,19
10853,16
10854,17
10855,15
10856,18
10857,10
10858,4
10859,18
10860,16
10861,4
10862,17
10863,11
10864,13
10865,12
10866,0
10867,0
10868,18
10869,18
10870,10
10871,12
10872,6
10873,3
10874,2
10875,0
10876,18
10877,10
10878,9
10879,2
10880,20
10881,15
10882,8
10883,16
10884,4
10885,0
10886,11
10887,4
10888,18
10889,11
10890,15
10891,4
10892,16
10893,1
10894,11
10895,12
10896,8
10897,19
10898,17
10899,3
10900,14
10901,12
10902,20
10903,5
10904,1
10905,4
10906,3
10907,3
10908,20
10909,18
10910,18
10911,10
10912,15
10913,20
10914,20
10915,2
10916,5
10917,5
10918,2
10919,13
10920,3
10921,3
10922,10
10923,14
10924,19
10925,18
10926,10
10927,0
10928,14
10929,20
10930,6
10931,14
10932,9
10933,6
10934,6
10935,2
10936,3
10937,9
10938,17
10939,17
10940,16
10941,13
10942,16
10943,20
10944,10
10945,11
10946,20
10947,12
10948,6
10949,2
10950,8
10951,10
10952,15
10953,11
10954,13
10955,1
10956,0
10957,8
10958,15
10959,14
10960,10
10961,4
10962,4
10963,18
10964,2
10965,12
10966,17
10967,0
10968,16
10969,17
10970,18
10971,14
10972,10
10973,19
10974,8
10975,1
10976,8
10977,4
10978,18
10979,2
10980,18
10981,2
10982,9
10983,2
10984,8
10985,4
10986,19
10987,19
10988,4
10989,11
10990,15
10991,19
10992,3
10993,3
10994,14
10995,18
10996,15
10997,5
10998,6
10999,9
11000,6
11001,10
11002,5
11003,6
11004,6
11005,9
11006,17
11007,17
11008,2
11009,19
11010,10
11011,12
11012,15
11013,19
11014,16
11015,6
11016,15
11017,5
11018,5
11019,2
11020,11
11021,2
11022,14
11023,12
11024,16
11025,0
11026,0
11027,10
11028,20
11029,15
11030,8
11031,13
11032,12
11033,3
11034,7
11035,5
11036,20
11037,4
11038,14
11039,9
11040,9
11041,9
11042,4
11043,4
11044,18
11045,20
11046,12
11047,4
11048,10
11049,18
11050,12
11051,12
11052,0
11053,17
11054,11
11055,8
11056,20
11057,5
11058,11
11059,7
11060,15
11061,11
11062,16
11063,7
11064,14
11065,13
11066,17
11067,6
11068,10
11069,17
11070,18
11071,10
11072,2
11073,19
11074,5
11075,4
11076,5
11077,0
11078,9
11079,17
11080,13
11081,12
11082,5
11083,1
11084,0
11085,12
11086,0
11087,9
11088,4
11089,13
11090,16
11091,19
11092,9
11093,20
11094,7
11095,13
11096,11
11097,1
11098,14
11099,1
11100,8
11101,7
11102,19
11103,8
11104,13
11105,19
11106,1
11107,10
11108,3
11109,15
11110,15
11111,0
11112,18
11113,17
11114,3
11115,16
11116,9
11117,2
11118,13
11119,20
11120,2
11121,4
11122,9
11123,16
11124,19
11125,7
11126,14
11127,4
11128,17
11129,10
11130,4
11131,19
11132,1
11133,1
11134,6
11135,18
11136,5
11137,18
11138,12
11139,12
11140,9
11141,11
11142,0
11143,2
11144,9
11145,10
11146,3
11147,11
11148,7
11149,14
11150,15
11151,13
11152,13
11153,11
11154,6
11155,3
11156,3
11157,18
11158,4
11159,1
11160,6
11161,10
11162,20
11163,18
11164,5
11165,4
11166,19
11167,0
11168,18
11169,7
11170,13
11171,19
11172,9
11173,12
11174,1
11175,10
11176,17
11177,8
11178,16
11179,9
11180,13
11181,19
11182,15
11183,8
11184,10
11185,12
11186,17
11187,15
11188,6
11189,16
11190,8
11191,19
11192,17
11193,2
11194,12
11195,13
11196,15
11197,4
11198,7
11199,15
11200,12
11201,16
11202,15
11203,20
11204,7
11205,8
11206,3
11207,8
11208,3
11209,9
11210,20
11211,13
11212,20
11213,17
11214,18
11215,16
11216,3
11217,3
11218,0
11219,2
11220,16
11221,3
11222,13
11223,12
11224,9
11225,6
11226,7
11227,10
11228,5
11229,17
11230,3
11231,18
11232,2
11233,16
11234,9
11235,1
11236,13
11237,14
11238,16
11239,15
11240,6
11241,2
11242,5
11243,17
11244,16
11245,6
11246,12
11247,6
11248,19
11249,8
11250,13
11251,16
11252,0
11253,6
11254,7
11255,11
11256,14
11257,5
11258,3
11259,8
11260,13
11261,17
11262,6
11263,15
11264,3
11265,19
11266,2
11267,19
11268,6
11269,19
11270,17
11271,9
11272,19
11273,10
11274,6
11275,1
11276,9
11277,12
11278,8
11279,18
11280,3
11281,13
11282,4
11283,17
11284,15
11285,20
11286,2
11287,19
11288,18
11289,9
11290,14
11291,4
11292,16
11293,1
11294,20
11295,6
11296,13
11297,9
11298,10
11299,13
11300,12
11301,20
11302,20
11303,14
11304,14
11305,1
11306,0
11307,18
11308,12
11309,2
11310,17
11311,4
11312,10
11313,16
11314,0
11315,0
11316,7
11317,0
11318,19
11319,13
11320,17
11321,1
11322,13
11323,20
11324,11
11325,20
11326,8
11327,10
11328,5
11329,6
11330,6
11331,14
11332,12
11333,0
11334,11
11335,0
11336,12
11337,12
11338,19
11339,0
11340,0
11341,11
11342,4
11343,2
11344,12
11345,4
11346,18
11347,5
11348,11
11349,6
11350,10
11351,1
11352,0
11353,5
11354,4
11355,12
11356,13
11357,9
11358,20
11359,6
11360,10
11361,7
11362,16
11363,2
11364,1
11365,6
11366,10
11367,10
11368,10
11369,12
11370,2
11371,17
11372,20
11373,16
11374,3
11375,11
11376,15
11377,7
11378,13
11379,12
11380,4
11381,5
11382,7
11383,16
11384,4
11385,19
11386,3
11387,14
11388,1
11389,18
11390,20
11391,0
11392,10
11393,18
11394,13
11395,2
11396,2
11397,12
11398,2
11399,8
11400,16
11401,14
11402,10
11403,5
11404,13
11405,7
11406,15
11407,0
11408,1
11409,11
11410,7
11411,14
11412,10
11413,6
11414,16
11415,4
11416,15
11417,9
11418,12
11419,8
11420,19
11421,12
11422,16
11423,6
11424,15
11425,8
11426,20
11427,13
11428,6
11429,7
11430,6
11431,14
11432,0
11433,0
11434,11
11435,2
11436,16
11437,13
11438,16
11439,2
11440,14
11441,12
11442,2
11443,4
11444,18
11445,3
11446,19
11447,14
11448,19
11449,11
11450,0
11451,7
11452,13
11453,4
11454,11
11455,2
11456,4
11457,20
11458,14
11459,2
11460,18
11461,4
11462,4
11463,20
11464,16
11465,17
11466,0
11467,0
11468,20
11469,8
11470,7
11471,6
11472,20
11473,6
11474,12
11475,7
11476,7
11477,4
11478,6
11479,19
11480,4
11481,5
11482,13
11483,3
11484,13
11485,18
11486,0
11487,7
11488,14
11489,12
11490,7
11491,18
11492,8
11493,12
11494,9
11495,16
11496,0
11497,12
11498,14
11499,18
11500,9
11501,18
11502,13
11503,1
11504,2
11505,11
11506,7
11507,10
11508,19
11509,16
11510,4
11511,19
11512,0
11513,19
11514,10
11515,5
11516,19
11517,20
11518,16
11519,12
11520,10
11521,6
11522,9
11523,18
11524,18
11525,0
11526,5
11527,5
11528,14
11529,0
11530,3
11531,19
11532,16
11533,0
11534,4
11535,2
11536,18
11537,11
11538,17
11539,20
11540,2
11541,0
11542,16
11543,15
11544,6
11545,16
11546,4
11547,11
11548,11
11549,13
11550,7
11551,15
11552,20
11553,1
11554,6
11555,17
11556,3
11557,13
11558,3
11559,4
11560,4
11561,19
11562,4
11563,9
11564,14
11565,20
11566,1
11567,3
11568,18
11569,20
11570,17
11571,13
11572,15
11573,9
11574,17
11575,6
11576,17
11577,3
11578,13
11579,7
11580,0
11581,9
11582,18
11583,1
11584,16
11585,1
11586,18
11587,17
11588,7
11589,19
11590,14
11591,18
11592,15
11593,8
11594,6
11595,2
11596,19
11597,15
11598,8
11599,8
11600,18
11601,14
11602,10
11603,3
11604,12
11605,4
11606,14
11607,13
11608,5
11609,12
11610,0
11611,9
11612,15
11613,7
11614,12
11615,19
11616,8
11617,8
11618,10
11619,14
11620,16
11621,13
11622,6
11623,3
11624,0
11625,12
11626,7
11627,7
11628,16
11629,6
11630,15
11631,7
11632,13
11633,11
11634,9
11635,13
11636,0
11637,14
11638,6
11639,3
11640,13
11641,15
11642,20
11643,9
11644,18
11645,9
11646,17
11647,20
11648,16
11649,17
11650,17
11651,17
11652,2
11653,0
11654,15
11655,7
11656,15
11657,17
11658,14
11659,16
11660,15
11661,15
11662,2
11663,10
11664,19
11665,2
11666,6
11667,1
11668,1
11669,3
11670,3
11671,8
11672,14
11673,19
11674,15
11675,8
11676,11
11677,16
11678,3
11679,18
11680,0
11681,1
11682,4
11683,7
11684,7
11685,7
11686,13
11687,8
11688,13
11689,1
11690,6
11691,7
11692,17
11693,8
11694,3
11695,18
11696,12
11697,5
11698,9
11699,11
11700,6
11701,12
11702,9
11703,14
11704,8
11705,8
11706,8
11707,20
11708,14
11709,9
11710,8
11711,4
11712,11
11713,16
11714,6
11715,5
11716,12
11717,10
11718,17
11719,7
11720,0
11721,4
11722,12
11723,14
11724,7
11725,4
11726,13
11727,12
11728,10
11729,12
11730,15
11731,11
11732,20
11733,10
11734,13
11735,17
11736,20
11737,13
11738,9
11739,19
11740,16
11741,5
11742,9
11743,11
11744,7
11745,1
11746,6
11747,7
11748,12
11749,6
11750,0
11751,14
11752,5
11753,19
11754,14
11755,5
11756,1
11757,20
11758,1
11759,3
11760,9
11761,13
11762,14
11763,12
11764,15
11765,15
11766,3
11767,16
11768,0
11769,3
11770,20
11771,0
11772,20
11773,15
11774,17
11775,15
11776,18
11777,12
11778,10
11779,0
11780,17
11781,6
11782,13
11783,17
11784,12
11785,15
11786,15
11787,5
11788,20
11789,7
11790,16
11791,11
11792,5
11793,2
11794,2
11795,4
11796,15
11797,5
11798,4
11799,16
11800,16
11801,1
11802,17
11803,0
11804,12
11805,10
11806,20
11807,7
11808,18
11809,15
11810,3
11811,7
11812,15
11813,20
11814,8
11815,18
11816,14
11817,12
11818,0
11819,9
11820,1
11821,12
11822,11
11823,5
11824,11
11825,11
11826,18
11827,10
11828,0
11829,10
11830,4
11831,17
11832,9
11833,2
11834,9
11835,20
11836,9
11837,14
11838,13
11839,6
11840,7
11841,14
11842,6
11843,5
11844,14
11845,2
11846,9
11847,9
11848,4
11849,15
11850,20
11851,18
11852,17
11853,8
11854,0
11855,6
11856,16
11857,6
11858,4
11859,16
11860,2
11861,12
11862,18
11863,4
11864,14
11865,1
11866,6
11867,14
11868,12
11869,3
11870,8
11871,9
11872,19
11873,15
11874,13
11875,15
11876,1
11877,12
11878,5
11879,20
11880,9
11881,4
11882,17
11883,8
11884,5
11885,8
11886,12
11887,5
11888,13
11889,0
11890,9
11891,7
11892,16
11893,11
11894,13
11895,2
11896,1
11897,4
11898,7
11899,17
11900,15
11901,20
11902,11
11903,7
11904,0
11905,0
11906,11
11907,1
11908,16
11909,20
11910,13
11911,7
11912,12
11913,3
11914,18
11915,17
11916,5
11917,18
11918,2
11919,17
11920,6
11921,13
11922,17
11923,8
11924,1
11925,0
11926,20
11927,14
11928,5
11929,18
11930,15
11931,4
11932,13
11933,12
11934,17
11935,8
11936,10
11937,16
11938,12
11939,11
11940,1
11941,3
11942,10
11943,0
11944,5
11945,8
11946,16
11947,7
11948,7
11949,20
11950,11
11951,2
11952,6
11953,10
11954,14
11955,13
11956,5
11957,10
11958,8
11959,19
11960,0
11961,12
11962,15
11963,6
11964,9
11965,3
11966,13
11967,2
11968,13
11969,4
11970,5
11971,10
11972,9
11973,19
11974,12
11975,2
11976,14
11977,14
11978,3
11979,5
11980,4
11981,4
11982,4
11983,15
11984,15
11985,20
11986,20
11987,10
11988,18
11989,8
11990,19
11991,1
11992,9
11993,19
11994,4
11995,17
11996,11
11997,4
11998,17
11999,18
12000,18
12001,8
12002,10
12003,7
12004,14
12005,19
12006,4
12007,16
12008,16
12009,16
12010,0
12011,4
12012,16
12013,11
12014,5
12015,5
12016,1
12017,11
12018,0
12019,13
12020,17
12021,11
12022,20
12023,18
12024,12
12025,15
12026,20
12027,8
12028,18
12029,1
12030,11
12031,9
12032,6
12033,12
12034,12
12035,11
12036,10
12037,20
12038,7
12039,13
12040,13
12041,13
12042,17
12043,15
12044,15
12045,9
12046,18
12047,7
12048,4
12049,16
12050,9
12051,15
12052,4
12053,10
12054,5
12055,13
12056,18
12057,16
12058,20
12059,15
12060,7
12061,20
12062,5
12063,14
12064,17
12065,18
12066,16
12067,0
12068,11
12069,8
12070,17
12071,13
12072,16
12073,3
12074,1
12075,4
12076,14
12077,9
12078,4
12079,18
12080,1
12081,20
12082,1
12083,17
12084,2
12085,5
12086,7
12087,3
12088,9
12089,17
12090,11
12091,5
12092,0
12093,8
12094,0
12095,8
12096,1
12097,5
12098,7
12099,15
12100,2
12101,13
12102,17
12103,0
12104,12
12105,10
12106,16
12107,8
12108,0
12109,5
12110,9
12111,18
12112,11
12113,1
12114,1
12115,12
12116,0
12117,0
12118,11
12119,2
12120,17
12121,19
12122,0
12123,20
12124,10
12125,15
12126,6
12127,1
12128,13
12129,4
12130,8
12131,19
12132,16
12133,1
12134,5
12135,1
12136,3
12137,4
12138,0
12139,13
12140,13
12141,12
12142,19
12143,1
12144,17
12145,1
12146,5
12147,15
12148,18
12149,5
12150,15
12151,14
12152,7
12153,11
12154,9
12155,7
12156,16
12157,13
12158,1
12159,12
12160,10
12161,3
12162,0
12163,1
12164,18
12165,4
12166,0
12167,15
12168,2
12169,2
12170,3
12171,0
12172,8
12173,11
12174,12
12175,10
12176,19
12177,17
12178,16
12179,9
12180,0
12181,18
12182,19
12183,16
12184,5
12185,5
12186,2
12187,5
12188,17
12189,4
12190,5
12191,4
12192,0
12193,4
12194,18
12195,8
12196,17
12197,0
12198,5
12199,6
12200,16
12201,10
12202,20
12203,9
12204,0
12205,3
12206,13
12207,3
12208,13
12209,3
12210,16
12211,1
12212,4
12213,9
12214,2
12215,7
12216,4
12217,7
12218,3
12219,8
12220,15
12221,12
12222,12
12223,19
12224,11
12225,16
12226,3
12227,20
12228,16
12229,15
12230,0
12231,6
12232,11
12233,5
12234,20
12235,11
12236,18
12237,20
12238,19
12239,20
12240,1
12241,2
12242,7
12243,0
12244,7
12245,0
12246,13
12247,1
12248,12
12249,19
12250,14
12251,8
12252,6
12253,8
12254,14
12255,17
12256,17
12257,6
12258,12
12259,6
12260,17
12261,20
12262,13
12263,9
12264,17
12265,3
12266,19
12267,7
12268,14
12269,5
12270,13
12271,3
12272,20
12273,18
12274,19
12275,6
12276,4
12277,6
12278,6
12279,1
12280,15
12281,16
12282,8
12283,1
12284,5
12285,14
12286,2
12287,16
12288,19
12289,10
12290,5
12291,9
12292,12
12293,12
12294,6
12295,1
12296,14
12297,0
12298,11
12299,3
12300,15
12301,19
12302,4
12303,12
12304,20
12305,16
12306,1
12307,4
12308,12
12309,15
12310,16
12311,1
12312,1
12313,0
12314,20
12315,4
12316,7
12317,14
12318,19
12319,17
12320,17
12321,15
12322,2
12323,15
12324,1
12325,19
12326,1
12327,2
12328,8
12329,18
12330,8
12331,12
12332,1
12333,13
12334,14
12335,11
12336,5
12337,12
12338,1
12339,19
12340,17
12341,5
12342,2
12343,5
12344,18
12345,19
12346,14
12347,7
12348,15
12349,3
12350,14
12351,8
12352,13
12353,18
12354,12
12355,18
12356,11
12357,16
12358,9
12359,2
12360,12
12361,18
12362,13
12363,5
12364,5
12365,5
12366,13
12367,15
12368,17
12369,7
12370,16
12371,5
12372,18
12373,13
12374,12
12375,4
12376,17
12377,19
12378,8
12379,7
12380,8
12381,0
12382,17
12383,6
12384,17
12385,5
12386,15
12387,0
12388,0
12389,9
12390,14
12391,8
12392,19
12393,16
12394,6
12395,7
12396,11
12397,6
12398,6
12399,12
12400,8
12401,18
12402,12
12403,15
12404,0
12405,8
12406,15
12407,12
12408,2
12409,10
12410,12
12411,17
12412,14
12413,8
12414,9
12415,11
12416,6
12417,6
12418,8
12419,3
12420,2
12421,0
12422,18
12423,18
12424,19
12425,18
12426,17
12427,9
12428,14
12429,13
12430,19
12431,14
12432,19
12433,9
12434,13
12435,2
12436,6
12437,16
12438,17
12439,4
12440,6
12441,0
12442,1
12443,19
12444,11
12445,9
12446,19
12447,0
12448,11
12449,14
12450,6
12451,3
12452,4
12453,7
12454,10
12455,2
12456,19
12457,16
12458,3
12459,10
12460,0
12461,1
12462,13
12463,4
12464,14
12465,9
12466,12
12467,16
12468,8
12469,17
12470,10
12471,9
12472,17
12473,18
12474,7
12475,14
12476,5
12477,15
12478,6
12479,2
12480,9
12481,20
12482,1
12483,15
12484,8
12485,4
12486,1
12487,12
12488,20
12489,13
12490,6
12491,7
12492,20
12493,18
12494,11
12495,18
12496,4
12497,16
12498,14
12499,1
12500,15
12501,20
12502,20
12503,1
12504,20
12505,7
12506,3
12507,0
12508,1
12509,8
12510,13
12511,15
12512,15
12513,12
12514,20
12515,8
12516,17
12517,18
12518,13
12519,7
12520,18
12521,14
12522,6
12523,4
12524,20
12525,5
12526,2
12527,17
12528,9
12529,19
12530,7
12531,0
12532,18
12533,4
12534,15
12535,15
12536,15
12537,9
12538,17
12539,18
12540,8
12541,14
12542,9
12543,17
12544,11
12545,13
12546,6
12547,7
12548,10
12549,17
12550,13
12551,2
12552,8
12553,14
12554,7
12555,6
12556,20
12557,9
12558,16
12559,2
12560,14
12561,6
12562,7
12563,17
12564,17
12565,1
12566,8
12567,10
12568,9
12569,12
12570,17
12571,9
12572,11
12573,5
12574,1
12575,13
12576,16
12577,15
12578,10
12579,2
12580,14
12581,11
12582,17
12583,5
12584,14
12585,13
12586,5
12587,0
12588,14
12589,9
12590,9
12591,18
12592,8
12593,5
12594,4
12595,9
12596,6
12597,9
12598,9
12599,18
12600,8
12601,10
12602,2
12603,20
12604,3
12605,16
12606,0
12607,7
12608,11
12609,19
12610,20
12611,15
12612,2
12613,20
12614,18
12615,3
12616,4
12617,14
12618,18
12619,2
12620,8
12621,15
12622,2
12623,7
12624,20
12625,20
12626,0
12627,0
12628,3
12629,4
12630,20
12631,1
12632,11
12633,5
12634,7
12635,12
12636,20
12637,5
12638,12
12639,1
12640,11
12641,13
12642,3
12643,19
12644,0
12645,4
12646,12
12647,19
12648,12
12649,15
12650,20
12651,16
12652,6
12653,20
12654,4
12655,13
12656,0
12657,6
12658,20
12659,1
12660,7
12661,19
12662,18
12663,3
12664,13
12665,4
12666,4
12667,1
12668,8
12669,11
12670,4
12671,15
12672,0
12673,13
12674,16
12675,9
12676,5
12677,2
12678,4
12679,8
12680,18
12681,2
12682,15
12683,3
12684,1
12685,15
12686,6
12687,6
12688,0
12689,16
12690,6
12691,16
12692,18
12693,1
12694,15
12695,8
12696,9
12697,17
12698,16
12699,17
12700,2
12701,14
12702,1
12703,19
12704,9
12705,14
12706,6
12707,2
12708,20
12709,8
12710,11
12711,19
12712,1
12713,5
12714,0
12715,20
12716,14
12717,15
12718,3
12719,1
12720,2
12721,10
12722,3
12723,13
12724,3
12725,20
12726,0
12727,19
12728,0
12729,3
12730,15
12731,4
12732,8
12733,5
12734,20
12735,12
12736,15
12737,18
12738,14
12739,7
12740,18
12741,5
12742,2
12743,0
12744,13
12745,12
12746,16
12747,17
12748,2
12749,1
12750,16
12751,3
12752,15
12753,19
12754,14
12755,0
12756,18
12757,5
12758,11
12759,15
12760,10
12761,8
12762,10
12763,2
12764,3
12765,19
12766,9
12767,8
12768,6
12769,3
12770,13
12771,6
12772,10
12773,1
12774,5
12775,10
12776,3
12777,1
12778,15
12779,6
12780,11
12781,20
12782,13
12783,11
12784,12
12785,16
12786,13
12787,7
12788,16
12789,6
12790,2
12791,8
12792,3
12793,10
12794,11
12795,2
12796,20
12797,7
12798,19
12799,6
12800,15
12801,19
12802,3
12803,3
12804,19
12805,17
12806,14
12807,12
12808,20
12809,0
12810,12
12811,13
12812,5
12813,10
12814,9
12815,0
12816,16
12817,10
12818,8
12819,20
12820,17
12821,6
12822,7
12823,13
12824,19
12825,7
12826,0
12827,1
12828,4
12829,1
12830,14
12831,12
12832,6
12833,15
12834,16
12835,5
12836,5
12837,0
12838,18
12839,19
12840,16
12841,17
12842,11
12843,12
12844,10
12845,18
12846,18
12847,17
12848,0
12849,20
12850,0
12851,17
12852,3
12853,10
12854,17
12855,4
12856,5
12857,8
12858,14
12859,17
12860,9
12861,12
12862,17
12863,7
12864,11
12865,8
12866,15
12867,14
12868,9
12869,18
12870,11
12871,18
12872,17
12873,1
12874,11
12875,12
12876,17
12877,1
12878,11
12879,11
12880,19
12881,6
12882,2
12883,1
12884,13
12885,15
12886,6
12887,3
12888,7
12889,16
12890,20
12891,15
12892,20
12893,8
12894,18
12895,5
12896,14
12897,14
12898,15
12899,13
12900,12
12901,1
12902,1
12903,11
12904,8
12905,14
12906,17
12907,5
12908,19
12909,17
12910,2
12911,2
12912,11
12913,11
12914,12
12915,8
12916,9
12917,15
12918,16
12919,14
12920,12
12921,4
12922,12
12923,20
12924,16
12925,16
12926,20
12927,14
12928,7
12929,13
12930,0
12931,15
12932,12
12933,4
12934,18
12935,0
12936,10
12937,12
12938,2
12939,9
12940,5
12941,15
12942,12
12943,13
12944,17
12945,11
12946,11
12947,3
12948,18
12949,10
12950,8
12951,20
12952,12
12953,2
12954,6
12955,19
12956,18
12957,12
12958,8
12959,16
12960,14
12961,12
12962,19
12963,18
12964,13
12965,15
12966,14
12967,20
12968,1
12969,13
12970,17
12971,0
12972,17
12973,18
12974,2
12975,20
12976,16
12977,7
12978,8
12979,15
12980,20
12981,4
12982,14
12983,20
12984,4
12985,20
12986,14
12987,13
12988,14
12989,1
12990,17
12991,9
12992,4
12993,11
12994,7
12995,8
12996,2
12997,14
12998,4
12999,4
13000,13
13001,17
13002,13
13003,19
13004,10
13005,4
13006,8
13007,14
13008,16
13009,7
13010,3
13011,19
13012,1
13013,9
13014,14
13015,0
13016,2
13017,17
13018,6
13019,11
13020,7
13021,3
13022,1
13023,20
13024,20
13025,12
13026,4
13027,5
13028,10
13029,14
13030,6
13031,19
13032,3
13033,10
13034,13
13035,15
13036,7
13037,6
13038,3
13039,10
13040,13
13041,14
13042,2
13043,13
13044,11
13045,12
13046,3
13047,0
13048,10
13049,17
13050,18
13051,19
13052,13
13053,0
13054,8
13055,7
13056,1
13057,2
13058,5
13059,9
13060,15
13061,4
13062,8
13063,4
13064,3
13065,3
13066,4
13067,19
13068,13
13069,17
13070,8
13071,7
13072,14
13073,13
13074,9
13075,5
13076,13
13077,18
13078,16
13079,18
13080,7
13081,15
13082,8
13083,4
13084,9
13085,12
13086,9
13087,10
13088,5
13089,18
13090,5
13091,6
13092,13
13093,18
13094,11
13095,9
13096,2
13097,18
13098,8
13099,10
13100,7
13101,1
13102,6
13103,1
13104,15
13105,14
13106,8
13107,6
13108,17
13109,10
13110,20
13111,5
13112,10
13113,7
13114,2
13115,15
13116,20
13117,14
13118,16
13119,0
13120,8
13121,19
13122,18
13123,13
13124,17
13125,8
13126,7
13127,16
13128,6
13129,2
13130,19
13131,13
13132,2
13133,6
13134,18
13135,20
13136,13
13137,12
13138,16
13139,16
13140,18
13141,8
13142,18
13143,11
13144,8
13145,0
13146,6
13147,5
13148,11
13149,17
13150,2
13151,0
13152,13
13153,11
13154,17
13155,5
13156,2
13157,18
13158,13
13159,5
13160,14
13161,19
13162,17
13163,7
13164,2
13165,8
13166,8
13167,1
13168,17
13169,2
13170,19
13171,9
13172,18
13173,7
13174,4
13175,3
13176,8
13177,11
13178,20
13179,20
13180,19
13181,2
13182,15
13183,7
13184,19
13185,12
13186,9
13187,18
13188,16
13189,7
13190,5
13191,1
13192,14
13193,17
13194,12
13195,19
13196,18
13197,4
13198,9
13199,0
13200,3
13201,11
13202,10
13203,4
13204,3
13205,18
13206,2
13207,5
13208,11
13209,20
13210,8
13211,12
13212,2
13213,12
13214,12
13215,3
13216,17
13217,1
13218,11
13219,12
13220,3
13221,16
13222,19
13223,4
13224,15
13225,6
13226,7
13227,1
13228,0
13229,12
13230,1
13231,1
13232,17
13233,8
13234,18
13235,10
13236,19
13237,9
13238,13
13239,5
13240,10
13241,15
13242,19
13243,17
13244,12
13245,18
13246,19
13247,16
13248,8
13249,10
13250,17
13251,10
13252,3
13253,7
13254,9
13255,4
13256,15
13257,20
13258,13
13259,15
13260,3
13261,5
13262,3
13263,4
13264,5
13265,14
13266,2
13267,11
13268,3
13269,6
13270,19
13271,4
13272,14
13273,18
13274,12
13275,20
13276,11
13277,3
13278,9
13279,20
13280,12
13281,5
13282,17
13283,16
13284,4
13285,15
13286,3
13287,15
13288,0
13289,17
13290,19
13291,0
13292,9
13293,16
13294,12
13295,6
13296,17
13297,20
13298,7
13299,19
13300,17
13301,15
13302,0
13303,4
13304,19
13305,10
13306,6
13307,3
13308,1
13309,7
13310,5
13311,6
13312,17
13313,17
13314,11
13315,12
13316,18
13317,0
13318,19
13319,15
13320,13
13321,13
13322,17
13323,20
13324,0
13325,13
13326,7
13327,2
13328,19
13329,16
13330,17
13331,19
13332,17
13333,7
13334,9
13335,20
13336,4
13337,1
13338,4
13339,3
13340,3
13341,17
13342,6
13343,3
13344,10
13345,7
13346,12
13347,19
13348,7
13349,20
13350,10
13351,2
13352,5
13353,13
13354,18
13355,9
13356,4
13357,15
13358,15
13359,4
13360,13
13361,7
13362,16
13363,16
13364,2
13365,15
13366,14
13367,12
13368,8
13369,15
13370,0
13371,19
13372,7
13373,16
13374,19
13375,15
13376,6
13377,19
13378,2
13379,2
13380,12
13381,7
13382,14
13383,4
13384,8
13385,5
13386,10
13387,9
13388,16
13389,3
13390,7
13391,8
13392,18
13393,10
13394,14
13395,15
13396,16
13397,8
13398,6
13399,20
13400,20
13401,1
13402,7
13403,20
13404,12
13405,12
13406,2
13407,13
13408,18
13409,6
13410,2
13411,19
13412,8
13413,6
13414,15
13415,15
13416,17
13417,2
13418,18
13419,11
13420,1
13421,6
13422,15
13423,15
13424,8
13425,18
13426,14
13427,9
13428,12
13429,19
13430,8
13431,8
13432,14
13433,6
13434,11
13435,16
13436,17
13437,0
13438,11
13439,5
13440,20
13441,5
13442,19
13443,4
13444,7
13445,19
13446,1
13447,20
13448,1
13449,6
13450,6
13451,19
13452,20
13453,7
13454,0
13455,4
13456,4
13457,15
13458,10
13459,17
13460,17
13461,9
13462,20
13463,12
13464,17
13465,3
13466,13
13467,20
13468,14
13469,2
13470,3
13471,6
13472,7
13473,12
13474,2
13475,13
13476,1
13477,7
13478,18
13479,5
13480,17
13481,18
13482,1
13483,2
13484,11
13485,8
13486,0
13487,3
13488,4
13489,6
13490,11
13491,10
13492,13
13493,9
13494,9
13495,17
13496,18
13497,4
13498,2
13499,18
13500,1
13501,18
13502,9
13503,0
13504,19
13505,19
13506,15
13507,6
13508,10
13509,3
13510,10
13511,4
13512,5
13513,13
13514,11
13515,16
13516,13
13517,6
13518,5
13519,2
13520,10
13521,3
13522,16
13523,10
13524,19
13525,20
13526,4
13527,19
13528,20
13529,6
13530,15
13531,15
13532,11
13533,1
13534,2
13535,8
13536,1
13537,2
13538,18
13539,3
13540,14
13541,11
13542,16
13543,10
13544,11
13545,13
13546,1
13547,13
13548,12
13549,2
13550,0
13551,6
13552,19
13553,10
13554,19
13555,5
13556,10
13557,1
13558,17
13559,2
13560,18
13561,6
13562,6
13563,4
13564,1
13565,17
13566,2
13567,7
13568,2
13569,4
13570,10
13571,8
13572,2
13573,20
13574,13
13575,6
13576,18
13577,15
13578,9
13579,8
13580,17
13581,12
13582,9
13583,16
13584,13
13585,5
13586,9
13587,10
13588,9
13589,15
13590,16
13591,3
13592,10
13593,4
13594,18
13595,14
13596,11
13597,3
13598,6
13599,14
13600,20
13601,15
13602,4
13603,3
13604,1
13605,12
13606,3
13607,17
13608,10
13609,1
13610,9
13611,20
13612,20
13613,2
13614,19
13615,0
13616,1
13617,1
13618,16
13619,5
13620,1
13621,13
13622,16
13623,10
13624,16
13625,6
13626,14
13627,6
13628,18
13629,5
13630,11
13631,2
13632,7
13633,9
13634,17
13635,2
13636,5
13637,2
13638,16
13639,15
13640,19
13641,5
13642,8
13643,14
13644,20
13645,2
13646,5
13647,9
13648,4
13649,10
13650,11
13651,14
13652,8
13653,11
13654,13
13655,12
13656,19
13657,16
13658,6
13659,12
13660,0
13661,3
13662,19
13663,9
13664,7
13665,6
13666,19
13667,12
13668,4
13669,15
13670,15
13671,7
13672,9
13673,12
13674,8
13675,14
13676,3
13677,1
13678,8
13679,5
13680,10
13681,1
13682,20
13683,14
13684,12
13685,19
13686,1
13687,20
13688,3
13689,2
13690,15
13691,20
13692,11
13693,14
13694,0
13695,15
13696,6
13697,13
13698,12
13699,8
13700,15
13701,18
13702,12
13703,1
13704,8
13705,16
13706,1
13707,20
13708,17
13709,0
13710,13
13711,4
13712,0
13713,11
13714,7
13715,3
13716,13
13717,8
13718,14
13719,6
13720,7
13721,20
13722,1
13723,14
13724,14
13725,6
13726,18
13727,2
13728,19
13729,17
13730,20
13731,13
13732,13
13733,1
13734,8
13735,14
13736,15
13737,9
13738,12
13739,6
13740,13
13741,6
13742,11
13743,15
13744,5
13745,7
13746,7
13747,18
13748,11
13749,13
13750,20
13751,0
13752,16
13753,11
13754,6
13755,5
13756,20
13757,5
13758,18
13759,13
13760,18
13761,14
13762,3
13763,16
13764,5
13765,2
13766,3
13767,5
13768,10
13769,3
13770,12
13771,3
13772,20
13773,6
13774,9
13775,19
13776,17
13777,1
13778,8
13779,6
13780,17
13781,12
13782,15
13783,17
13784,13
13785,18
13786,16
13787,13
13788,5
13789,12
13790,9
13791,4
13792,5
13793,17
13794,1
13795,6
13796,20
13797,4
13798,15
13799,16
13800,12
13801,17
13802,15
13803,19
13804,2
13805,15
13806,16
13807,8
13808,3
13809,14
13810,12
13811,7
13812,12
13813,9
13814,9
13815,10
13816,9
13817,12
13818,19
13819,7
13820,19
13821,4
13822,13
13823,18
13824,19
13825,2
13826,3
13827,13
13828,3
13829,4
13830,0
13831,2
13832,18
13833,0
13834,13
13835,7
13836,5
13837,6
13838,5
13839,4
13840,7
13841,11
13842,10
13843,19
13844,16
13845,20
13846,18
13847,9
13848,8
13849,12
13850,2
13851,17
13852,18
13853,4
13854,3
13855,16
13856,1
13857,12
13858,10
13859,7
13860,18
13861,0
13862,12
13863,18
13864,1
13865,14
13866,6
13867,2
13868,8
13869,11
13870,10
13871,6
13872,6
13873,1
13874,6
13875,2
13876,0
13877,17
13878,9
13879,17
13880,6
13881,10
13882,17
13883,2
13884,2
13885,8
13886,19
13887,14
13888,12
13889,12
13890,9
13891,8
13892,20
13893,6
13894,11
13895,6
13896,14
13897,2
13898,11
13899,6
13900,2
13901,3
13902,12
13903,13
13904,17
13905,10
13906,10
13907,16
13908,17
13909,16
13910,20
13911,4
13912,18
13913,17
13914,18
13915,1
13916,1
13917,16
13918,20
13919,8
13920,11
13921,8
13922,4
13923,15
13924,18
13925,19
13926,12
13927,6
13928,14
13929,15
13930,18
13931,4
13932,14
13933,2
13934,9
13935,17
13936,1
13937,16
13938,0
13939,18
13940,8
13941,11
13942,12
13943,12
13944,4
13945,1
13946,19
13947,3
13948,6
13949,2
13950,19
13951,8
13952,1
13953,16
13954,13
13955,20
13956,0
13957,17
13958,13
13959,8
13960,1
13961,20
13962,17
13963,19
13964,4
13965,1
13966,15
13967,7
13968,10
13969,2
13970,9
13971,13
13972,12
13973,15
13974,1
13975,16
13976,2
13977,0
13978,2
13979,16
13980,3
13981,6
13982,7
13983,8
13984,10
13985,16
13986,10
13987,2
13988,3
13989,11
13990,4
13991,18
13992,6
13993,17
13994,8
13995,9
13996,14
13997,20
13998,18
13999,10
14000,3
14001,16
14002,11
14003,13
14004,13
14005,0
14006,14
14007,10
14008,5
14009,14
14010,0
14011,1
14012,19
14013,15
14014,10
14015,19
14016,10
14017,17
14018,14
14019,7
14020,10
14021,17
14022,11
14023,3
14024,14
14025,12
14026,3
14027,11
14028,18
14029,18
14030,7
14031,17
14032,19
14033,17
14034,16
14035,11
14036,5
14037,8
14038,16
14039,3
14040,12
14041,11
14042,0
14043,7
14044,19
14045,5
14046,10
14047,0
14048,14
14049,16
14050,17
14051,6
14052,0
14053,18
14054,3
14055,2
14056,17
14057,17
14058,8
14059,4
14060,18
14061,9
14062,10
14063,0
14064,5
14065,15
14066,15
14067,16
14068,20
14069,9
14070,5
14071,14
14072,3
14073,4
14074,20
14075,19
14076,11
14077,18
14078,8
14079,1
14080,3
14081,11
14082,8
14083,12
14084,18
14085,6
14086,11
14087,1
14088,0
14089,17
14090,14
14091,18
14092,20
14093,20
14094,13
14095,17
14096,2
14097,6
14098,5
14099,6
14100,5
14101,1
14102,13
14103,17
14104,10
14105,19
14106,9
14107,3
14108,5
14109,6
14110,1
14111,14
14112,13
14113,3
14114,4
14115,14
14116,5
14117,1
14118,9
14119,18
14120,16
14121,7
14122,18
14123,8
14124,4
14125,10
14126,20
14127,14
14128,3
14129,16
14130,20
14131,11
14132,14
14133,7
14134,8
14135,9
14136,6
14137,17
14138,8
14139,0
14140,10
14141,17
14142,15
14143,18
14144,16
14145,14
14146,0
14147,18
14148,15
14149,4
14150,0
14151,6
14152,5
14153,16
14154,9
14155,11
14156,9
14157,2
14158,2
14159,15
14160,15
14161,18
14162,14
14163,6
14164,1
14165,6
14166,9
14167,6
14168,2
14169,9
14170,13
14171,20
14172,14
14173,17
14174,2
14175,5
14176,7
14177,9
14178,6
14179,20
14180,10
14181,19
14182,14
14183,9
14184,13
14185,11
14186,10
14187,8
14188,5
14189,17
14190,14
14191,11
14192,2
14193,18
14194,8
14195,8
14196,12
14197,9
14198,8
14199,19
14200,15
14201,6
14202,20
14203,12
14204,1
14205,9
14206,13
14207,6
14208,12
14209,17
14210,20
14211,11
14212,12
14213,19
14214,8
14215,2
14216,16
14217,17
14218,5
14219,8
14220,20
14221,15
14222,5
14223,3
14224,3
14225,5
14226,3
14227,10
14228,2
14229,2
14230,13
14231,19
14232,0
14233,8
14234,13
14235,6
14236,14
14237,0
14238,8
14239,14
14240,19
14241,10
14242,12
14243,7
14244,5
14245,7
14246,9
14247,17
14248,8
14249,7
14250,7
14251,4
14252,16
14253,13
14254,5
14255,9
14256,5
14257,7
14258,0
14259,3
14260,1
14261,1
14262,1
14263,13
14264,14
14265,2
14266,0
14267,15
14268,12
14269,13
14270,19
14271,11
14272,4
14273,12
14274,6
14275,18
14276,0
14277,0
14278,7
14279,19
14280,17
14281,16
14282,4
14283,0
14284,0
14285,11
14286,1
14287,7
14288,7
14289,11
14290,6
14291,18
14292,3
14293,7
14294,15
14295,2
14296,1
14297,19
14298,0
14299,14
14300,10
14301,0
14302,4
14303,19
14304,10
14305,19
14306,1
14307,13
14308,15
14309,17
14310,19
14311,5
14312,14
14313,19
14314,12
14315,0
14316,8
14317,14
14318,0
14319,19
14320,10
14321,16
14322,12
14323,9
14324,12
14325,6
14326,20
14327,7
14328,7
14329,13
14330,3
14331,15
14332,1
14333,6
14334,1
14335,6
14336,10
14337,3
14338,12
14339,20
14340,20
14341,20
14342,0
14343,20
14344,1
14345,5
14346,15
14347,3
14348,3
14349,14
14350,3
14351,15
14352,16
14353,14
14354,14
14355,3
14356,19
14357,6
14358,8
14359,6
14360,7
14361,13
14362,18
14363,4
14364,3
14365,10
14366,2
14367,8
14368,4
14369,10
14370,11
14371,5
14372,4
14373,20
14374,12
14375,3
14376,0
14377,15
14378,16
14379,13
14380,20
14381,9
14382,8
14383,18
14384,2
14385,17
14386,10
14387,3
14388,12
14389,14
14390,3
14391,10
14392,16
14393,17
14394,10
14395,8
14396,7
14397,17
14398,1
14399,16
14400,20
14401,19
14402,11
14403,12
14404,20
14405,15
14406,10
14407,8
14408,19
14409,13
14410,9
14411,8
14412,20
14413,15
14414,17
14415,20
14416,20
14417,12
14418,19
14419,4
14420,18
14421,5
14422,16
14423,11
14424,0
14425,20
14426,2
14427,20
14428,6
14429,16
14430,5
14431,4
14432,16
14433,1
14434,8
14435,19
14436,5
14437,4
14438,12
14439,1
14440,6
14441,10
14442,10
14443,12
14444,17
14445,19
14446,4
14447,11
14448,11
14449,14
14450,0
14451,0
14452,15
14453,3
14454,8
14455,1
14456,5
14457,15
14458,10
14459,7
14460,12
14461,3
14462,1
14463,6
14464,1
14465,1
14466,12
14467,5
14468,16
14469,10
14470,17
14471,8
14472,18
14473,19
14474,11
14475,0
14476,1
14477,7
14478,2
14479,9
14480,6
14481,0
14482,16
14483,18
14484,5
14485,1
14486,1
14487,10
14488,13
14489,6
14490,5
14491,19
14492,17
14493,9
14494,6
14495,17
14496,20
14497,13
14498,9
14499,3
14500,4
14501,1
14502,13
14503,10
14504,5
14505,10
14506,18
14507,20
14508,11
14509,9
14510,18
14511,14
14512,9
14513,9
14514,5
14515,1
14516,16
14517,12
14518,17
14519,2
14520,3
14521,17
14522,15
14523,17
14524,10
14525,16
14526,12
14527,10
14528,1
14529,5
14530,5
14531,20
14532,11
14533,0
14534,6
14535,19
14536,12
14537,19
14538,9
14539,7
14540,5
14541,7
14542,4
14543,4
14544,7
14545,8
14546,2
14547,5
14548,2
14549,2
14550,1
14551,20
14552,6
14553,17
14554,8
14555,6
14556,16
14557,0
14558,1
14559,5
14560,11
14561,12
14562,4
14563,9
14564,9
14565,20
14566,12
14567,10
14568,7
14569,4
14570,9
14571,20
14572,10
14573,2
14574,2
14575,6
14576,6
14577,12
14578,4
14579,16
14580,8
14581,20
14582,13
14583,10
14584,3
14585,10
14586,12
14587,19
14588,17
14589,11
14590,0
14591,15
14592,9
14593,0
14594,16
14595,1
14596,10
14597,13
14598,19
14599,10
14600,11
14601,16
14602,19
14603,20
14604,10
14605,10
14606,7
14607,17
14608,7
14609,15
14610,15
14611,9
14612,1
14613,12
14614,20
14615,2
14616,11
14617,11
14618,19
14619,17
14620,5
14621,18
14622,6
14623,10
14624,17
14625,14
14626,16
14627,11
14628,8
14629,9
14630,2
14631,14
14632,8
14633,1
14634,20
14635,19
14636,9
14637,17
14638,14
14639,13
14640,13
14641,8
14642,20
14643,16
14644,12
14645,4
14646,12
14647,4
14648,0
14649,17
14650,13
14651,11
14652,16
14653,9
14654,15
14655,8
14656,12
14657,17
14658,2
14659,14
14660,1
14661,16
14662,16
14663,3
14664,15
14665,19
14666,15
14667,9
14668,2
14669,12
14670,7
14671,18
14672,13
14673,14
14674,12
14675,14
14676,20
14677,8
14678,18
14679,1
14680,14
14681,19
14682,12
14683,5
14684,20
14685,18
14686,19
14687,9
14688,17
14689,5
14690,17
14691,3
14692,20
14693,19
14694,11
14695,18
14696,19
14697,15
14698,4
14699,15
14700,12
14701,13
14702,16
14703,12
14704,0
14705,8
14706,20
14707,4
14708,13
14709,14
14710,9
14711,12
14712,2
14713,9
14714,11
14715,0
14716,20
14717,3
14718,20
14719,17
14720,7
14721,1
14722,9
14723,20
14724,2
14725,12
14726,6
14727,14
14728,5
14729,9
14730,12
14731,5
14732,4
14733,20
14734,1
14735,9
14736,6
14737,2
14738,13
14739,3
14740,19
14741,11
14742,10
14743,2
14744,2
14745,9
14746,9
14747,0
14748,12
14749,13
14750,9
14751,5
14752,11
14753,16
14754,9
14755,18
14756,11
14757,17
14758,18
14759,18
14760,6
14761,8
14762,6
14763,17
14764,16
14765,4
14766,7
14767,0
14768,16
14769,0
14770,11
14771,9
14772,9
14773,10
14774,15
14775,8
14776,5
14777,8
14778,3
14779,17
14780,9
14781,12
14782,3
14783,12
14784,2
14785,2
14786,16
14787,3
14788,17
14789,7
14790,17
14791,9
14792,9
14793,1
14794,14
14795,7
14796,18
14797,16
14798,5
14799,1
14800,18
14801,15
14802,13
14803,15
14804,6
14805,17
14806,5
14807,11
14808,16
14809,14
14810,20
14811,20
14812,3
14813,8
14814,9
14815,13
14816,1
14817,16
14818,12
14819,13
14820,4
14821,7
14822,11
14823,10
14824,15
14825,8
14826,9
14827,8
14828,14
14829,14
14830,13
14831,15
14832,17
14833,3
14834,10
14835,1
14836,18
14837,5
14838,2
14839,10
14840,2
14841,17
14842,18
14843,11
14844,12
14845,15
14846,10
14847,2
14848,20
14849,1
14850,2
14851,6
14852,16
14853,18
14854,9
14855,14
14856,9
14857,12
14858,1
14859,13
14860,6
14861,17
14862,9
14863,17
14864,20
14865,6
14866,11
14867,2
14868,8
14869,8
14870,3
14871,3
14872,17
14873,11
14874,17
14875,5
14876,10
14877,5
14878,11
14879,15
14880,19
14881,0
14882,3
14883,11
14884,16
14885,3
14886,6
14887,18
14888,1
14889,3
14890,17
14891,5
14892,3
14893,1
14894,6
14895,13
14896,7
14897,12
14898,20
14899,16
14900,17
14901,13
14902,11
14903,18
14904,5
14905,3
14906,20
14907,19
14908,0
14909,6
14910,5
14911,6
14912,0
14913,3
14914,0
14915,20
14916,6
14917,1
14918,17
14919,7
14920,10
14921,9
14922,13
14923,2
14924,7
14925,1
14926,10
14927,3
14928,20
14929,11
14930,8
14931,19
14932,10
14933,10
14934,13
14935,15
14936,14
14937,10
14938,8
14939,0
14940,9
14941,5
14942,8
14943,20
14944,3
14945,13
14946,14
14947,20
14948,8
14949,13
14950,0
14951,19
14952,18
14953,7
14954,15
14955,10
14956,14
14957,0
14958,9
14959,14
14960,15
14961,0
14962,1
14963,20
14964,1
14965,16
14966,9
14967,12
14968,9
14969,9
14970,12
14971,1
14972,2
14973,11
14974,19
14975,13
14976,12
14977,9
14978,14
14979,16
14980,13
14981,5
14982,1
14983,3
14984,8
14985,19
14986,19
14987,4
14988,19
14989,14
14990,17
14991,19
14992,5
14993,7
14994,14
14995,11
14996,7
14997,3
14998,7
14999,8
15000,11
15001,6
15002,14
15003,2
15004,13
15005,3
15006,16
15007,4
15008,7
15009,8
15010,6
15011,5
15012,1
15013,6
15014,1
15015,1
15016,7
15017,19
15018,13
15019,16
15020,16
15021,17
15022,10
15023,6
15024,20
15025,20
15026,5
15027,16
15028,9
15029,17
15030,9
15031,17
15032,10
15033,12
15034,10
15035,11
15036,6
15037,2
15038,19
15039,16
15040,16
15041,0
15042,2
15043,11
15044,18
15045,9
15046,16
15047,5
15048,14
15049,1
15050,5
15051,20
15052,15
15053,7
15054,11
15055,5
15056,17
15057,5
15058,18
15059,15
15060,15
15061,13
15062,13
15063,7
15064,2
15065,2
15066,17
15067,8
15068,7
15069,0
15070,2
15071,12
15072,7
15073,9
15074,16
15075,0
15076,9
15077,14
15078,5
15079,19
15080,11
15081,10
15082,19
15083,20
15084,2
15085,7
15086,15
15087,1
15088,13
15089,4
15090,0
15091,7
15092,18
15093,7
15094,2
15095,20
15096,5
15097,18
15098,13
15099,18
15100,16
15101,16
15102,9
15103,13
15104,11
15105,14
15106,2
15107,20
15108,8
15109,9
15110,12
15111,19
15112,10
15113,0
15114,10
15115,12
15116,6
15117,12
15118,11
15119,0
15120,11
15121,12
15122,5
15123,4
15124,2
15125,7
15126,1
15127,2
15128,5
15129,19
15130,15
15131,16
15132,9
15133,2
15134,1
15135,10
15136,13
15137,10
15138,1
15139,13
15140,19
15141,7
15142,5
15143,16
15144,17
15145,6
15146,8
15147,8
15148,0
15149,15
15150,15
15151,1
15152,12
15153,15
15154,18
15155,17
15156,6
15157,7
15158,1
15159,13
15160,16
15161,14
15162,17
15163,3
15164,19
15165,18
15166,15
15167,3
15168,12
15169,2
15170,10
15171,2
15172,6
15173,15
15174,2
15175,18
15176,4
15177,9
15178,17
15179,0
15180,1
15181,7
15182,0
15183,7
15184,16
15185,1
15186,16
15187,5
15188,12
15189,15
15190,5
15191,1
15192,5
15193,1
15194,13
15195,17
15196,11
15197,4
15198,0
15199,0
15200,17
15201,6
15202,11
15203,8
15204,9
15205,8
15206,15
15207,8
15208,4
15209,11
15210,20
15211,8
15212,10
15213,3
15214,5
15215,13
15216,14
15217,0
15218,6
15219,17
15220,6
15221,12
15222,3
15223,10
15224,12
15225,9
15226,20
15227,0
15228,2
15229,16
15230,3
15231,7
15232,8
15233,7
15234,13
15235,16
15236,8
15237,7
15238,15
15239,11
15240,13
15241,7
15242,12
15243,13
15244,8
15245,5
15246,9
15247,7
15248,11
15249,2
15250,16
15251,13
15252,11
15253,3
15254,3
15255,4
15256,5
15257,17
15258,13
15259,0
15260,13
15261,4
15262,18
15263,15
15264,15
15265,10
15266,12
15267,5
15268,16
15269,18
15270,15
15271,6
15272,18
15273,20
15274,0
15275,0
15276,14
15277,19
15278,19
15279,17
15280,10
15281,15
15282,20
15283,10
15284,10
15285,14
15286,15
15287,6
15288,19
15289,12
15290,5
15291,2
15292,20
15293,19
15294,8
15295,11
15296,5
15297,4
15298,6
15299,2
15300,18
15301,11
15302,12
15303,20
15304,8
15305,8
15306,11
15307,8
15308,19
15309,6
15310,19
15311,9
15312,15
15313,19
15314,1
15315,5
15316,16
15317,4
15318,19
15319,14
15320,12
15321,1
15322,8
15323,16
15324,15
15325,17
15326,9
15327,0
15328,14
15329,3
15330,9
15331,10
15332,11
15333,1
15334,12
15335,2
15336,1
15337,5
15338,0
15339,1
15340,16
15341,10
15342,6
15343,8
15344,0
15345,11
15346,20
15347,6
15348,1
15349,7
15350,0
15351,20
15352,10
15353,6
15354,10
15355,1
15356,6
15357,18
15358,7
15359,19
15360,14
15361,8
15362,17
15363,9
15364,13
15365,14
15366,2
15367,5
15368,2
15369,20
15370,5
15371,9
15372,4
15373,11
15374,16
15375,0
15376,8
15377,9
15378,12
15379,6
15380,20
15381,6
15382,1
15383,18
15384,5
15385,8
15386,16
15387,8
15388,11
15389,20
15390,12
15391,16
15392,8
15393,4
15394,4
15395,12
15396,6
15397,19
15398,14
15399,3
15400,10
15401,17
15402,16
15403,16
15404,13
15405,17
15406,3
15407,18
15408,14
15409,5
15410,9
15411,3
15412,8
15413,2
15414,13
15415,1
15416,4
15417,0
15418,9
15419,18
15420,17
15421,0
15422,6
15423,9
15424,15
15425,20
15426,2
15427,4
15428,1
15429,0
15430,4
15431,13
15432,0
15433,14
15434,5
15435,9
15436,5
15437,16
15438,20
15439,0
15440,2
15441,13
15442,5
15443,20
15444,5
15445,19
15446,16
15447,7
15448,12
15449,13
15450,6
15451,3
15452,20
15453,18
15454,8
15455,14
15456,7
15457,12
15458,13
15459,1
15460,0
15461,16
15462,8
15463,17
15464,20
15465,4
15466,4
15467,9
15468,4
15469,19
15470,10
15471,6
15472,6
15473,17
15474,15
15475,1
15476,4
15477,0
15478,18
15479,14
15480,17
15481,0
15482,19
15483,11
15484,13
15485,1
15486,13
15487,14
15488,8
15489,8
15490,5
15491,11
15492,10
15493,7
15494,12
15495,8
15496,15
15497,7
15498,1
15499,17
15500,13
15501,20
15502,12
15503,3
15504,14
15505,20
15506,12
15507,15
15508,6
15509,7
15510,14
15511,15
15512,0
15513,9
15514,3
15515,6
15516,18
15517,1
15518,10
15519,1
15520,18
15521,7
15522,19
15523,5
15524,3
15525,8
15526,0
15527,11
15528,12
15529,5
15530,0
15531,13
15532,5
15533,7
15534,8
15535,3
15536,14
15537,15
15538,20
15539,19
15540,15
15541,10
15542,16
15543,5
15544,15
15545,2
15546,18
15547,15
15548,4
15549,19
15550,2
15551,3
15552,1
15553,7
15554,16
15555,3
15556,3
15557,8
15558,18
15559,13
15560,10
15561,7
15562,1
15563,13
15564,5
15565,3
15566,3
15567,2
15568,9
15569,16
15570,0
15571,7
15572,5
15573,6
15574,9
15575,4
15576,1
15577,5
15578,6
15579,11
15580,2
15581,15
15582,13
15583,8
15584,7
15585,6
15586,16
15587,1
15588,19
15589,0
15590,11
15591,4
15592,17
15593,14
15594,14
15595,6
15596,11
15597,5
15598,8
15599,15
15600,4
15601,13
15602,2
15603,0
15604,13
15605,12
15606,13
15607,14
15608,3
15609,8
15610,10
15611,12
15612,5
15613,18
15614,5
15615,20
15616,4
15617,11
15618,9
15619,9
15620,12
15621,11
15622,18
15623,7
15624,16
15625,9
15626,8
15627,2
15628,3
15629,4
15630,8
15631,1
15632,6
15633,3
15634,15
15635,1
15636,6
15637,14
15638,2
15639,17
15640,7
15641,5
15642,5
15643,4
15644,19
15645,3
15646,7
15647,2
15648,3
15649,11
15650,8
15651,7
15652,0
15653,15
15654,20
15655,5
15656,16
15657,9
15658,8
15659,13
15660,16
15661,11
15662,20
15663,0
15664,13
15665,8
15666,9
15667,8
15668,2
15669,18
15670,2
15671,14
15672,8
15673,4
15674,12
15675,7
15676,2
15677,8
15678,19
15679,19
15680,7
15681,10
15682,14
15683,13
15684,15
15685,5
15686,17
15687,1
15688,10
15689,7
15690,10
15691,19
15692,17
15693,11
15694,17
15695,20
15696,19
15697,8
15698,5
15699,11
15700,7
15701,20
15702,20
15703,16
15704,3
15705,20
15706,17
15707,16
15708,8
15709,7
15710,10
15711,1
15712,10
15713,6
15714,8
15715,12
15716,9
15717,8
15718,11
15719,12
15720,9
15721,9
15722,2
15723,7
15724,7
15725,14
15726,3
15727,8
15728,2
15729,6
15730,19
15731,14
15732,13
15733,2
15734,6
15735,3
15736,7
15737,10
15738,9
15739,7
15740,2
15741,8
15742,9
15743,19
15744,15
15745,4
15746,9
15747,1
15748,0
15749,8
15750,0
15751,14
15752,19
15753,19
15754,2
15755,4
15756,19
15757,15
15758,17
15759,20
15760,8
15761,9
15762,19
15763,13
15764,15
15765,19
15766,4
15767,20
15768,10
15769,4
15770,4
15771,20
15772,17
15773,0
15774,15
15775,2
15776,17
15777,20
15778,14
15779,4
15780,17
15781,8
15782,11
15783,7
15784,15
15785,6
15786,18
15787,6
15788,18
15789,8
15790,4
15791,17
15792,4
15793,17
15794,5
15795,19
15796,9
15797,4
15798,18
15799,4
15800,7
15801,17
15802,7
15803,10
15804,4
15805,15
15806,18
15807,20
15808,15
15809,0
15810,19
15811,10
15812,12
15813,3
15814,0
15815,12
15816,20
15817,18
15818,15
15819,5
15820,16
15821,2
15822,10
15823,18
15824,1
15825,5
15826,1
15827,13
15828,0
15829,5
15830,9
15831,7
15832,13
15833,6
15834,20
15835,3
15836,18
15837,1
15838,18
15839,9
15840,3
15841,15
15842,8
15843,14
15844,15
15845,6
15846,4
15847,19
15848,1
15849,19
15850,5
15851,0
15852,10
15853,2
15854,15
15855,8
15856,10
15857,11
15858,4
15859,4
15860,17
15861,20
15862,10
15863,0
15864,9
15865,11
15866,14
15867,14
15868,15
15869,11
15870,7
15871,9
15872,2
15873,8
15874,3
15875,20
15876,7
15877,9
15878,4
15879,10
15880,8
15881,17
15882,13
15883,10
15884,18
15885,15
15886,18
15887,19
15888,17
15889,4
15890,10
15891,10
15892,8
15893,0
15894,0
15895,0
15896,3
15897,16
15898,7
15899,19
15900,14
15901,3
15902,17
15903,2
15904,14
15905,9
15906,20
15907,6
15908,5
15909,6
15910,17
15911,11
15912,1
15913,9
15914,11
15915,15
15916,8
15917,7
15918,16
15919,8
15920,13
15921,19
15922,9
15923,9
15924,11
15925,18
15926,20
15927,3
15928,13
15929,14
15930,18
15931,2
15932,6
15933,6
15934,19
15935,2
15936,6
15937,3
15938,7
15939,15
15940,4
15941,15
15942,15
15943,9
15944,5
15945,20
15946,8
15947,1
15948,13
15949,12
15950,0
15951,3
15952,6
15953,19
15954,14
15955,12
15956,11
15957,19
15958,15
15959,7
15960,6
15961,19
15962,2
15963,2
15964,2
15965,8
15966,15
15967,9
15968,1
15969,8
15970,2
15971,13
15972,11
15973,17
15974,8
15975,1
15976,0
15977,5
15978,18
15979,17
15980,15
15981,4
15982,2
15983,19
15984,11
15985,16
15986,18
15987,9
15988,8
15989,18
15990,3
15991,4
15992,9
15993,5
15994,13
15995,5
15996,6
15997,6
15998,20
15999,8
16000,14
16001,18
16002,15
16003,11
16004,8
16005,7
16006,7
16007,8
16008,10
16009,12
16010,15
16011,4
16012,18
16013,1
16014,8
16015,4
16016,2
16017,0
16018,10
16019,20
16020,11
16021,18
16022,3
16023,12
16024,12
16025,1
16026,6
16027,14
16028,20
16029,13
16030,2
16031,3
16032,2
16033,16
16034,16
16035,20
16036,1
16037,7
16038,18
16039,10
16040,8
16041,5
16042,19
16043,7
16044,4
16045,12
16046,4
16047,18
16048,7
16049,12
16050,6
16051,4
16052,4
16053,18
16054,11
16055,0
16056,12
16057,14
16058,13
16059,7
16060,17
16061,0
16062,7
16063,9
16064,11
16065,10
16066,18
16067,3
16068,13
16069,1
16070,6
16071,0
16072,6
16073,10
16074,19
16075,14
16076,9
16077,14
16078,6
16079,6
16080,4
16081,13
16082,0
16083,20
16084,10
16085,0
16086,16
16087,14
16088,10
16089,20
16090,9
16091,16
16092,18
16093,1
16094,4
16095,2
16096,2
16097,10
16098,2
16099,13
16100,3
16101,8
16102,3
16103,0
16104,0
16105,19
16106,19
16107,3
16108,9
16109,5
16110,8
16111,11
16112,17
16113,4
16114,16
16115,1
16116,7
16117,20
16118,4
16119,13
16120,19
16121,3
16122,5
16123,20
16124,16
16125,2
16126,16
16127,17
16128,15
16129,17
16130,10
16131,0
16132,2
16133,9
16134,1
16135,2
16136,12
16137,3
16138,6
16139,6
16140,2
16141,9
16142,3
16143,15
16144,4
16145,18
16146,13
16147,2
16148,10
16149,8
16150,3
16151,20
16152,8
16153,17
16154,17
16155,7
16156,2
16157,11
16158,17
16159,10
16160,6
16161,17
16162,13
16163,9
16164,4
16165,6
16166,6
16167,0
16168,10
16169,9
16170,15
16171,10
16172,19
16173,6
16174,16
16175,13
16176,6
16177,17
16178,19
16179,6
16180,9
16181,5
16182,13
16183,4
16184,19
16185,4
16186,4
16187,11
16188,19
16189,2
16190,7
16191,9
16192,4
16193,14
16194,13
16195,18
16196,17
16197,20
16198,7
16199,7
16200,17
16201,14
16202,13
16203,13
16204,5
16205,17
16206,17
16207,8
16208,20
16209,11
16210,11
16211,10
16212,7
16213,7
16214,2
16215,11
16216,18
16217,2
16218,18
16219,7
16220,13
16221,7
16222,0
16223,7
16224,20
16225,14
16226,10
16227,3
16228,19
16229,12
16230,14
16231,6
16232,16
16233,2
16234,17
16235,8
16236,9
16237,13
16238,3
16239,4
16240,16
16241,11
16242,20
16243,11
16244,13
16245,15
16246,6
16247,15
16248,12
16249,20
16250,16
16251,20
16252,6
16253,3
16254,6
16255,12
16256,14
16257,14
16258,4
16259,12
16260,16
16261,8
16262,6
16263,14
16264,7
16265,14
16266,15
16267,1
16268,11
16269,4
16270,3
16271,3
16272,3
16273,10
16274,20
16275,17
16276,0
16277,14
16278,12
16279,11
16280,20
16281,4
16282,10
16283,13
16284,0
16285,10
16286,3
16287,6
16288,5
16289,17
16290,5
16291,1
16292,14
16293,16
16294,5
16295,12
16296,3
16297,2
16298,17
16299,6
16300,18
16301,10
16302,15
16303,8
16304,17
16305,4
16306,10
16307,3
16308,6
16309,14
16310,15
16311,11
16312,10
16313,3
16314,1
16315,17
16316,20
16317,19
16318,0
16319,20
16320,9
16321,4
16322,9
16323,8
16324,1
16325,19
16326,7
16327,2
16328,8
16329,14
16330,15
16331,13
16332,15
16333,0
16334,4
16335,1
16336,12
16337,9
16338,9
16339,12
16340,1
16341,10
16342,17
16343,13
16344,4
16345,3
16346,8
16347,0
16348,15
16349,12
16350,7
16351,8
16352,18
16353,11
16354,9
16355,0
16356,5
16357,8
16358,18
16359,2
16360,9
16361,18
16362,12
16363,18
16364,7
16365,6
16366,4
16367,2
16368,11
16369,15
16370,2
16371,6
16372,11
16373,6
16374,1
16375,20
16376,18
16377,18
16378,4
16379,9
16380,3
16381,18
16382,19
16383,1
16384,9
16385,3
16386,15
16387,5
16388,12
16389,6
16390,5
16391,8
16392,18
16393,3
16394,12
16395,16
16396,2
16397,11
16398,20
16399,15
16400,12
16401,8
16402,18
16403,11
16404,8
16405,6
16406,9
16407,9
16408,5
16409,0
16410,17
16411,1
16412,3
16413,18
16414,7
16415,13
16416,15
16417,20
16418,8
16419,17
16420,7
16421,6
16422,5
16423,6
16424,20
16425,2
16426,10
16427,6
16428,18
16429,11
16430,10
16431,3
16432,11
16433,1
16434,16
16435,0
16436,12
16437,5
16438,20
16439,5
16440,16
16441,4
16442,20
16443,15
16444,12
16445,1
16446,14
16447,14
16448,2
16449,11
16450,1
16451,10
16452,15
16453,17
16454,15
16455,2
16456,3
16457,11
16458,1
16459,0
16460,9
16461,3
16462,7
16463,6
16464,8
16465,18
16466,1
16467,5
16468,1
16469,18
16470,19
16471,5
16472,14
16473,5
16474,13
16475,5
16476,18
16477,16
16478,0
16479,0
16480,7
16481,17
16482,2
16483,12
16484,5
16485,15
16486,2
16487,7
16488,11
16489,6
16490,3
16491,8
16492,7
16493,5
16494,11
16495,12
16496,20
16497,4
16498,19
16499,10
16500,18
16501,12
16502,11
16503,1
16504,7
16505,13
16506,12
16507,18
16508,2
16509,17
16510,0
16511,20
16512,10
16513,1
16514,12
16515,17
16516,3
16517,14
16518,5
16519,6
16520,13
16521,2
16522,7
16523,6
16524,4
16525,13
16526,16
16527,16
16528,20
16529,6
16530,9
16531,13
16532,0
16533,15
16534,14
16535,12
16536,14
16537,8
16538,9
16539,18
16540,2
16541,18
16542,10
16543,20
16544,6
16545,10
16546,5
16547,15
16548,19
16549,12
16550,13
16551,4
16552,0
16553,2
16554,12
16555,12
16556,3
16557,7
16558,0
16559,12
16560,0
16561,4
16562,20
16563,16
16564,11
16565,20
16566,19
16567,7
16568,5
16569,8
16570,13
16571,8
16572,0
16573,14
16574,19
16575,13
16576,3
16577,7
16578,0
16579,10
16580,7
16581,9
16582,14
16583,16
16584,5
16585,20
16586,3
16587,5
16588,14
16589,4
16590,11
16591,16
16592,16
16593,5
16594,15
16595,2
16596,18
16597,9
16598,4
16599,6
16600,8
16601,19
16602,19
16603,16
16604,14
16605,11
16606,13
16607,0
16608,14
16609,13
16610,20
16611,5
16612,17
16613,6
16614,5
16615,14
16616,8
16617,10
16618,9
16619,14
16620,15
16621,8
16622,5
16623,19
16624,10
16625,7
16626,11
16627,14
16628,8
16629,4
16630,7
16631,19
16632,6
16633,14
16634,10
16635,7
16636,5
16637,9
16638,15
16639,19
16640,9
16641,17
16642,0
16643,14
16644,12
16645,5
16646,10
16647,14
16648,0
16649,17
16650,16
16651,6
16652,3
16653,5
16654,2
16655,15
16656,7
16657,20
16658,16
16659,4
16660,10
16661,5
16662,5
16663,6
16664,18
16665,7
16666,16
16667,7
16668,13
16669,5
16670,13
16671,15
16672,20
16673,12
16674,8
16675,16
16676,7
16677,18
16678,6
16679,5
16680,3
16681,5
16682,5
16683,14
16684,7
16685,5
16686,6
16687,9
16688,20
16689,1
16690,16
16691,14
16692,12
16693,5
16694,16
16695,15
16696,13
16697,6
16698,5
16699,14
16700,2
16701,7
16702,20
16703,4
16704,16
16705,12
16706,11
16707,18
16708,5
16709,16
16710,3
16711,11
16712,18
16713,7
16714,5
16715,4
16716,16
16717,17
16718,6
16719,5
16720,19
16721,20
16722,15
16723,5
16724,9
16725,5
16726,2
16727,6
16728,2
16729,14
16730,8
16731,18
16732,0
16733,8
16734,8
16735,12
16736,13
16737,2
16738,3
16739,20
16740,14
16741,0
16742,5
16743,11
16744,1
16745,8
16746,2
16747,0
16748,10
16749,20
16750,14
16751,4
16752,18
16753,3
16754,16
16755,20
16756,17
16757,5
16758,12
16759,0
16760,1
16761,13
16762,12
16763,9
16764,6
16765,16
16766,9
16767,2
16768,13
16769,8
16770,9
16771,0
16772,18
16773,2
16774,16
16775,4
16776,9
16777,2
16778,4
16779,8
16780,15
16781,17
16782,11
16783,7
16784,4
16785,0
16786,14
16787,11
16788,10
16789,20
16790,7
16791,11
16792,9
16793,8
16794,18
16795,11
16796,1
16797,14
16798,10
16799,20
16800,13
16801,3
16802,8
16803,11
16804,15
16805,20
16806,9
16807,20
16808,19
16809,15
16810,16
16811,17
16812,19
16813,14
16814,2
16815,20
16816,13
16817,20
16818,18
16819,20
16820,0
16821,7
16822,16
16823,20
16824,4
16825,11
16826,11
16827,8
16828,9
16829,11
16830,2
16831,9
16832,1
16833,13
16834,20
16835,6
16836,5
16837,18
16838,13
16839,9
16840,8
16841,17
16842,7
16843,6
16844,8
16845,20
16846,14
16847,16
16848,2
16849,7
16850,8
16851,8
16852,2
16853,1
16854,2
16855,1
16856,4
16857,0
16858,10
16859,10
16860,10
16861,13
16862,1
16863,20
16864,14
16865,7
16866,9
16867,1
16868,15
16869,19
16870,2
16871,0
16872,3
16873,0
16874,20
16875,9
16876,10
16877,6
16878,15
16879,11
16880,6
16881,12
16882,14
16883,6
16884,20
16885,10
16886,10
16887,1
16888,11
16889,7
16890,8
16891,6
16892,8
16893,4
16894,10
16895,2
16896,9
16897,10
16898,8
16899,17
16900,9
16901,4
16902,7
16903,18
16904,8
16905,8
16906,9
16907,3
16908,8
16909,2
16910,8
16911,18
16912,13
16913,12
16914,18
16915,16
16916,15
16917,20
16918,2
16919,7
16920,7
16921,2
16922,13
16923,19
16924,15
16925,5
16926,2
16927,0
16928,10
16929,4
16930,13
16931,10
16932,5
16933,6
16934,7
16935,1
16936,8
16937,18
16938,11
16939,16
16940,11
16941,20
16942,13
16943,20
16944,6
16945,15
16946,7
16947,9
16948,1
16949,13
16950,3
16951,14
16952,8
16953,14
16954,18
16955,5
16956,16
16957,0
16958,16
16959,7
16960,13
16961,12
16962,6
16963,18
16964,1
16965,14
16966,3
16967,0
16968,11
16969,5
16970,9
16971,16
16972,12
16973,13
16974,6
16975,9
16976,18
16977,0
16978,2
16979,17
16980,19
16981,13
16982,19
16983,17
16984,9
16985,16
16986,2
16987,4
16988,17
16989,9
16990,14
16991,6
16992,20
16993,7
16994,7
16995,15
16996,14
16997,9
16998,8
16999,0
17000,6
17001,15
17002,20
17003,17
17004,17
17005,17
17006,17
17007,16
17008,4
17009,8
17010,14
17011,16
17012,11
17013,5
17014,4
17015,18
17016,16
17017,4
17018,15
17019,20
17020,5
17021,9
17022,18
17023,9
17024,3
17025,4
17026,2
17027,0
17028,15
17029,2
17030,5
17031,5
17032,19
17033,0
17034,4
17035,6
17036,2
17037,13
17038,6
17039,4
17040,15
17041,8
17042,17
17043,17
17044,9
17045,9
17046,4
17047,5
17048,8
17049,16
17050,2
17051,7
17052,16
17053,20
17054,1
17055,17
17056,19
17057,14
17058,6
17059,1
17060,19
17061,17
17062,10
17063,20
17064,6
17065,10
17066,18
17067,16
17068,9
17069,13
17070,8
17071,9
17072,16
17073,9
17074,0
17075,13
17076,1
17077,20
17078,16
17079,7
17080,11
17081,20
17082,20
17083,8
17084,2
17085,15
17086,19
17087,17
17088,12
17089,14
17090,20
17091,2
17092,13
17093,3
17094,16
17095,0
17096,1
17097,9
17098,2
17099,14
17100,8
17101,6
17102,2
17103,1
17104,9
17105,14
17106,11
17107,13
17108,13
17109,4
17110,7
17111,6
17112,20
17113,5
17114,20
17115,3
17116,7
17117,9
17118,5
17119,5
17120,1
17121,10
17122,2
17123,20
17124,16
17125,20
17126,17
17127,6
17128,19
17129,12
17130,5
17131,4
17132,20
17133,9
17134,2
17135,17
17136,12
17137,8
17138,12
17139,0
17140,18
17141,3
17142,13
17143,10
17144,18
17145,11
17146,13
17147,3
17148,6
17149,12
17150,5
17151,2
17152,0
17153,20
17154,7
17155,2
17156,17
17157,19
17158,13
17159,19
17160,12
17161,14
17162,2
17163,14
17164,1
17165,20
17166,18
17167,7
17168,10
17169,20
17170,18
17171,13
17172,14
17173,16
17174,4
17175,15
17176,4
17177,9
17178,16
17179,6
17180,14
17181,7
17182,16
17183,15
17184,11
17185,12
17186,13
17187,18
17188,8
17189,6
17190,9
17191,2
17192,0
17193,1
17194,15
17195,5
17196,13
17197,2
17198,20
17199,10
17200,0
17201,0
17202,20
17203,1
17204,16
17205,1
17206,8
17207,14
17208,2
17209,1
17210,4
17211,12
17212,20
17213,4
17214,14
17215,12
17216,2
17217,6
17218,11
17219,2
17220,5
17221,0
17222,5
17223,16
17224,13
17225,12
17226,19
17227,0
17228,9
17229,18
17230,19
17231,7
17232,10
17233,7
17234,1
17235,19
17236,10
17237,3
17238,0
17239,1
17240,15
17241,7
17242,8
17243,7
17244,6
17245,8
17246,10
17247,15
17248,9
17249,19
17250,0
17251,10
17252,19
17253,0
17254,7
17255,17
17256,19
17257,14
17258,6
17259,18
17260,2
17261,2
17262,19
17263,3
17264,9
17265,15
17266,9
17267,9
17268,16
17269,19
17270,11
17271,2
17272,15
17273,1
17274,0
17275,12
17276,16
17277,17
17278,20
17279,0
17280,18
17281,20
17282,9
17283,11
17284,12
17285,11
17286,12
17287,15
17288,5
17289,12
17290,16
17291,13
17292,5
17293,0
17294,7
17295,16
17296,6
17297,19
17298,16
17299,1
17300,5
17301,7
17302,1
17303,10
17304,17
17305,1
17306,9
17307,6
17308,8
17309,3
17310,20
17311,3
17312,10
17313,1
17314,18
17315,7
17316,20
17317,16
17318,0
17319,10
17320,7
17321,19
17322,2
17323,14
17324,19
17325,13
17326,1
17327,4
17328,15
17329,1
17330,9
17331,19
17332,4
17333,3
17334,1
17335,7
17336,3
17337,17
17338,13
17339,18
17340,11
17341,12
17342,17
17343,16
17344,4
17345,11
17346,7
17347,3
17348,1
17349,14
17350,5
17351,3
17352,17
17353,7
17354,9
17355,4
17356,4
17357,5
17358,20
17359,10
17360,20
17361,20
17362,11
17363,10
17364,5
17365,4
17366,18
17367,0
17368,1
17369,9
17370,18
17371,8
17372,20
17373,0
17374,5
17375,14
17376,11
17377,8
17378,9
17379,16
17380,13
17381,11
17382,0
17383,1
17384,13
17385,8
17386,1
17387,13
17388,2
17389,14
17390,19
17391,14
17392,8
17393,2
17394,15
17395,12
17396,1
17397,14
17398,13
17399,0
17400,6
17401,10
17402,11
17403,2
17404,3
17405,10
17406,4
17407,7
17408,1
17409,11
17410,6
17411,1
17412,12
17413,9
17414,17
17415,19
17416,14
17417,13
17418,6
17419,10
17420,2
17421,11
17422,0
17423,0
17424,17
17425,19
17426,2
17427,12
17428,12
17429,19
17430,14
17431,1
17432,1
17433,5
17434,20
17435,15
17436,4
17437,1
17438,16
17439,13
17440,9
17441,18
17442,12
17443,5
17444,3
17445,10
17446,2
17447,13
17448,12
17449,9
17450,11
17451,11
17452,14
17453,20
17454,19
17455,10
17456,3
17457,14
17458,7
17459,8
17460,3
17461,9
17462,5
17463,7
17464,7
17465,3
17466,6
17467,10
17468,17
17469,0
17470,1
17471,9
17472,9
17473,11
17474,4
17475,12
17476,13
17477,9
17478,16
17479,16
17480,10
17481,3
17482,17
17483,1
17484,11
17485,6
17486,2
17487,2
17488,4
17489,19
17490,8
17491,12
17492,14
17493,19
17494,4
17495,11
17496,16
17497,20
17498,7
17499,17
17500,1
17501,20
17502,20
17503,14
17504,2
17505,5
17506,14
17507,13
17508,2
17509,3
17510,7
17511,16
17512,9
17513,13
17514,13
17515,15
17516,7
17517,13
17518,9
17519,16
17520,13
17521,2
17522,7
17523,5
17524,8
17525,3
17526,8
17527,3
17528,5
17529,19
17530,18
17531,2
17532,19
17533,4
17534,13
17535,12
17536,10
17537,14
17538,4
17539,8
17540,18
17541,11
17542,1
17543,18
17544,10
17545,12
17546,4
17547,11
17548,9
17549,8
17550,12
17551,3
17552,17
17553,5
17554,2
17555,2
17556,18
17557,14
17558,15
17559,17
17560,9
17561,13
17562,14
17563,3
17564,1
17565,6
17566,14
17567,2
17568,13
17569,1
17570,2
17571,5
17572,17
17573,19
17574,7
17575,20
17576,3
17577,20
17578,20
17579,16
17580,2
17581,1
17582,11
17583,12
17584,12
17585,18
17586,15
17587,15
17588,6
17589,0
17590,20
17591,2
17592,7
17593,13
17594,6
17595,3
17596,17
17597,3
17598,12
17599,10
17600,14
17601,20
17602,14
17603,7
17604,12
17605,12
17606,14
17607,15
17608,8
17609,2
17610,15
17611,16
17612,7
17613,10
17614,2
17615,8
17616,19
17617,3
17618,18
17619,15
17620,20
17621,1
17622,19
17623,2
17624,9
17625,15
17626,1
17627,10
17628,6
17629,13
17630,2
17631,5
17632,15
17633,5
17634,16
17635,11
17636,0
17637,6
17638,3
17639,17
17640,16
17641,7
17642,4
17643,5
17644,0
17645,15
17646,3
17647,9
17648,1
17649,15
17650,11
17651,5
17652,0
17653,11
17654,11
17655,18
17656,12
17657,15
17658,16
17659,7
17660,8
17661,7
17662,13
17663,4
17664,16
17665,18
17666,12
17667,4
17668,10
17669,7
17670,13
17671,1
17672,3
17673,14
17674,17
17675,16
17676,12
17677,16
17678,4
17679,19
17680,6
17681,17
17682,0
17683,3
17684,19
17685,1
17686,2
17687,2
17688,5
17689,11
17690,8
17691,8
17692,7
17693,11
17694,7
17695,20
17696,2
17697,7
17698,15
17699,14
17700,10
17701,11
17702,20
17703,2
17704,0
17705,13
17706,8
17707,15
17708,1
17709,6
17710,4
17711,0
17712,8
17713,3
17714,14
17715,16
17716,10
17717,0
17718,9
17719,8
17720,17
17721,16
17722,0
17723,12
17724,8
17725,7
17726,11
17727,14
17728,0
17729,17
17730,2
17731,14
17732,4
17733,2
17734,12
17735,1
17736,20
17737,12
17738,19
17739,13
17740,6
17741,6
17742,11
17743,18
17744,2
17745,13
17746,13
17747,19
17748,4
17749,18
17750,5
17751,19
17752,9
17753,19
17754,4
17755,1
17756,1
17757,11
17758,1
17759,8
17760,3
17761,0
17762,4
17763,19
17764,8
17765,3
17766,8
17767,6
17768,13
17769,15
17770,13
17771,6
17772,16
17773,15
17774,8
17775,4
17776,3
17777,14
17778,11
17779,5
17780,6
17781,16
17782,4
17783,3
17784,11
17785,20
17786,17
17787,8
17788,20
17789,13
17790,2
17791,13
17792,3
17793,18
17794,6
17795,12
17796,15
17797,6
17798,17
17799,11
17800,0
17801,12
17802,0
17803,0
17804,11
17805,8
17806,16
17807,17
17808,9
17809,14
17810,7
17811,4
17812,10
17813,19
17814,1
17815,11
17816,2
17817,10
17818,16
17819,19
17820,10
17821,18
17822,18
17823,5
17824,18
17825,6
17826,13
17827,4
17828,13
17829,9
17830,17
17831,20
17832,11
17833,19
17834,13
17835,17
17836,4
17837,10
17838,6
17839,0
17840,9
17841,18
17842,11
17843,4
17844,9
17845,5
17846,8
17847,3
17848,5
17849,3
17850,18
17851,0
17852,10
17853,17
17854,7
17855,14
17856,1
17857,5
17858,8
17859,8
17860,7
17861,8
17862,16
17863,0
17864,14
17865,12
17866,2
17867,6
17868,12
17869,14
17870,13
17871,6
17872,19
17873,2
17874,17
17875,13
17876,17
17877,5
17878,1
17879,5
17880,9
17881,13
17882,2
17883,6
17884,10
17885,4
17886,8
17887,16
17888,11
17889,15
17890,15
17891,14
17892,19
17893,7
17894,8
17895,3
17896,13
17897,18
17898,7
17899,6
17900,12
17901,20
17902,19
17903,5
17904,8
17905,11
17906,17
17907,8
17908,1
17909,6
17910,7
17911,16
17912,5
17913,5
17914,11
17915,20
17916,4
17917,11
17918,5
17919,15
17920,4
17921,17
17922,7
17923,10
17924,16
17925,8
17926,16
17927,2
17928,8
17929,7
17930,5
17931,8
17932,1
17933,17
17934,10
17935,3
17936,2
17937,3
17938,11
17939,15
17940,19
17941,19
17942,15
17943,0
17944,1
17945,12
17946,4
17947,7
17948,14
17949,2
17950,14
17951,10
17952,13
17953,3
17954,3
17955,6
17956,2
17957,3
17958,4
17959,14
17960,20
17961,5
17962,13
17963,15
17964,2
17965,9
17966,2
17967,7
17968,6
17969,5
17970,11
17971,17
17972,14
17973,11
17974,7
17975,3
17976,0
17977,12
17978,8
17979,11
17980,6
17981,0
17982,19
17983,17
17984,15
17985,10
17986,4
17987,18
17988,8
17989,3
17990,6
17991,16
17992,18
17993,18
17994,5
17995,15
17996,8
17997,17
17998,9
17999,5
18000,14
18001,6
18002,11
18003,14
18004,4
18005,11
18006,13
18007,1
18008,12
18009,17
18010,8
18011,10
18012,14
18013,2
18014,0
18015,3
18016,19
18017,15
18018,5
18019,12
18020,19
18021,19
18022,1
18023,5
18024,16
18025,2
18026,16
18027,7
18028,11
18029,12
18030,10
18031,4
18032,20
18033,13
18034,0
18035,7
18036,8
18037,1
18038,2
18039,20
18040,1
18041,9
18042,11
18043,2
18044,16
18045,19
18046,17
18047,2
18048,6
18049,0
18050,19
18051,10
18052,11
18053,4
18054,6
18055,19
18056,20
18057,13
18058,15
18059,1
18060,13
18061,5
18062,0
18063,20
18064,17
18065,0
18066,7
18067,15
18068,10
18069,11
18070,11
18071,4
18072,16
18073,14
18074,12
18075,12
18076,0
18077,8
18078,17
18079,3
18080,15
18081,18
18082,18
18083,1
18084,5
18085,12
18086,18
18087,3
18088,18
18089,2
18090,17
18091,12
18092,17
18093,20
18094,9
18095,7
18096,2
18097,18
18098,0
18099,18
18100,12
18101,4
18102,12
18103,3
18104,9
18105,19
18106,12
18107,12
18108,8
18109,20
18110,15
18111,0
18112,3
18113,6
18114,1
18115,12
18116,2
18117,16
18118,5
18119,13
18120,9
18121,7
18122,13
18123,8
18124,7
18125,3
18126,9
18127,9
18128,17
18129,0
18130,2
18131,15
18132,0
18133,11
18134,15
18135,11
18136,9
18137,11
18138,1
18139,6
18140,11
18141,11
18142,11
18143,1
18144,14
18145,13
18146,2
18147,0
18148,3
18149,10
18150,7
18151,17
18152,10
18153,6
18154,7
18155,0
18156,3
18157,15
18158,14
18159,12
18160,4
18161,2
18162,17
18163,9
18164,0
18165,1
18166,4
18167,13
18168,18
18169,16
18170,2
18171,16
18172,15
18173,13
18174,19
18175,6
18176,1
18177,4
18178,10
18179,9
18180,4
18181,7
18182,10
18183,13
18184,4
18185,8
18186,14
18187,4
18188,11
18189,12
18190,3
18191,12
18192,2
18193,4
18194,6
18195,9
18196,0
18197,14
18198,13
18199,10
18200,17
18201,16
18202,4
18203,4
18204,13
18205,13
18206,16
18207,8
18208,7
18209,14
18210,10
18211,10
18212,13
18213,18
18214,10
18215,6
18216,13
18217,3
18218,6
18219,15
18220,14
18221,17
18222,13
18223,18
18224,6
18225,12
18226,15
18227,15
18228,12
18229,2
18230,3
18231,12
18232,16
18233,0
18234,6
18235,8
18236,16
18237,12
18238,10
18239,11
18240,0
18241,2
18242,9
18243,12
18244,7
18245,5
18246,10
18247,10
18248,5
18249,12
18250,7
18251,7
18252,4
18253,16
18254,19
18255,16
18256,0
18257,3
18258,2
18259,13
18260,18
18261,9
18262,4
18263,9
18264,4
18265,18
18266,19
18267,11
18268,7
18269,8
18270,9
18271,0
18272,15
18273,14
18274,11
18275,1
18276,20
18277,2
18278,6
18279,18
18280,10
18281,20
18282,17
18283,6
18284,2
18285,5
18286,17
18287,4
18288,16
18289,15
18290,15
18291,12
18292,1
18293,11
18294,15
18295,20
18296,9
18297,4
18298,10
18299,7
18300,8
18301,7
18302,9
18303,15
18304,18
18305,7
18306,15
18307,17
18308,16
18309,5
18310,6
18311,19
18312,9
18313,19
18314,15
18315,0
18316,1
18317,9
18318,15
18319,7
18320,2
18321,20
18322,13
18323,1
18324,8
18325,7
18326,7
18327,15
18328,7
18329,7
18330,6
18331,9
18332,13
18333,7
18334,3
18335,13
18336,8
18337,8
18338,18
18339,9
18340,9
18341,17
18342,2
18343,6
18344,5
18345,15
18346,13
18347,4
18348,19
18349,4
18350,17
18351,18
18352,15
18353,6
18354,18
18355,4
18356,15
18357,5
18358,3
18359,17
18360,7
18361,1
18362,9
18363,0
18364,5
18365,12
18366,4
18367,7
18368,17
18369,6
18370,12
18371,1
18372,3
18373,6
18374,0
18375,15
18376,3
18377,13
18378,19
18379,18
18380,7
18381,14
18382,4
18383,12
18384,10
18385,7
18386,16
18387,3
18388,10
18389,7
18390,1
18391,5
18392,0
18393,15
18394,7
18395,9
18396,19
18397,11
18398,8
18399,4
18400,2
18401,5
18402,0
18403,2
18404,13
18405,18
18406,5
18407,11
18408,7
18409,11
18410,7
18411,5
18412,10
18413,17
18414,8
18415,1
18416,6
18417,5
18418,5
18419,14
18420,3
18421,0
18422,4
18423,6
18424,12
18425,18
18426,0
18427,16
18428,10
18429,12
18430,8
18431,17
18432,3
18433,16
18434,10
18435,19
18436,2
18437,4
18438,11
18439,15
18440,10
18441,2
18442,4
18443,20
18444,0
18445,18
18446,6
18447,11
18448,6
18449,15
18450,1
18451,12
18452,16
18453,13
18454,3
18455,20
18456,2
18457,11
18458,20
18459,2
18460,14
18461,13
18462,1
18463,7
18464,14
18465,20
18466,6
18467,6
18468,19
18469,17
18470,7
18471,20
18472,17
18473,17
18474,5
18475,15
18476,20
18477,9
18478,17
18479,0
18480,19
18481,4
18482,7
18483,19
18484,5
18485,13
18486,4
18487,16
18488,14
18489,4
18490,19
18491,16
18492,17
18493,10
18494,5
18495,9
18496,10
18497,6
18498,4
18499,1
18500,6
18501,4
18502,19
18503,9
18504,4
18505,17
18506,13
18507,19
18508,8
18509,17
18510,20
18511,11
18512,19
18513,11
18514,15
18515,14
18516,20
18517,14
18518,10
18519,9
18520,1
18521,4
18522,17
18523,4
18524,10
18525,18
18526,10
18527,10
18528,9
18529,1
18530,3
18531,6
18532,15
18533,10
18534,18
18535,5
18536,20
18537,15
18538,18
18539,19
18540,15
18541,8
18542,3
18543,11
18544,17
18545,5
18546,17
18547,1
18548,12
18549,20
18550,7
18551,13
18552,17
18553,13
18554,5
18555,13
18556,3
18557,5
18558,16
18559,9
18560,9
18561,3
18562,1
18563,14
18564,20
18565,11
18566,3
18567,17
18568,8
18569,12
18570,9
18571,6
18572,16
18573,4
18574,5
18575,8
18576,13
18577,10
18578,2
18579,0
18580,17
18581,15
18582,17
18583,8
18584,14
18585,6
18586,12
18587,16
18588,12
18589,17
18590,7
18591,14
18592,16
18593,1
18594,2
18595,13
18596,10
18597,11
18598,17
18599,5
18600,8
18601,14
18602,17
18603,14
18604,14
18605,3
18606,13
18607,19
18608,11
18609,0
18610,9
18611,11
18612,5
18613,0
18614,7
18615,6
18616,9
18617,17
18618,19
18619,3
18620,17
18621,12
18622,11
18623,6
18624,7
18625,0
18626,17
18627,7
18628,7
18629,2
18630,19
18631,9
18632,19
18633,1
18634,3
18635,10
18636,11
18637,18
18638,15
18639,6
18640,5
18641,19
18642,17
18643,4
18644,6
18645,1
18646,17
18647,7
18648,15
18649,14
18650,2
18651,6
18652,12
18653,8
18654,2
18655,12
18656,13
18657,20
18658,1
18659,13
18660,17
18661,8
18662,0
18663,6
18664,3
18665,13
18666,12
18667,9
18668,13
18669,4
18670,19
18671,3
18672,0
18673,10
18674,11
18675,17
18676,16
18677,17
18678,2
18679,10
18680,20
18681,15
18682,11
18683,19
18684,1
18685,9
18686,0
18687,6
18688,2
18689,14
18690,0
18691,17
18692,18
18693,15
18694,1
18695,0
18696,11
18697,20
18698,17
18699,9
18700,3
18701,2
18702,7
18703,10
18704,16
18705,19
18706,12
18707,18
18708,17
18709,7
18710,15
18711,18
18712,17
18713,17
18714,14
18715,12
18716,18
18717,3
18718,16
18719,16
18720,14
18721,16
18722,11
18723,11
18724,5
18725,0
18726,5
18727,5
18728,8
18729,5
18730,18
18731,0
18732,3
18733,5
18734,14
18735,9
18736,0
18737,8
18738,19
18739,5
18740,15
18741,18
18742,11
18743,13
18744,13
18745,5
18746,13
18747,16
18748,14
18749,14
18750,3
18751,19
18752,20
18753,4
18754,4
18755,13
18756,10
18757,9
18758,18
18759,9
18760,17
18761,15
18762,16
18763,11
18764,20
18765,1
18766,5
18767,19
18768,16
18769,20
18770,8
18771,2
18772,16
18773,4
18774,12
18775,14
18776,16
18777,1
18778,15
18779,6
18780,18
18781,15
18782,19
18783,19
18784,14
18785,15
18786,10
18787,3
18788,10
18789,13
18790,9
18791,14
18792,5
18793,19
18794,19
18795,8
18796,19
18797,19
18798,2
18799,15
18800,5
18801,19
18802,3
18803,18
18804,9
18805,6
18806,5
18807,19
18808,19
18809,16
18810,5
18811,8
18812,20
18813,17
18814,16
18815,8
18816,13
18817,20
18818,0
18819,1
18820,6
18821,11
18822,8
18823,17
18824,7
18825,13
18826,4
18827,14
18828,13
18829,5
18830,11
18831,14
18832,7
18833,17
18834,14
18835,10
18836,13
18837,5
18838,6
18839,17
18840,17
18841,13
18842,4
18843,16
18844,15
18845,20
18846,14
18847,3
18848,1
18849,2
18850,8
18851,5
18852,1
18853,6
18854,6
18855,7
18856,11
18857,12
18858,7
18859,14
18860,5
18861,10
18862,5
18863,2
18864,8
18865,14
18866,3
18867,5
18868,19
18869,4
18870,6
18871,9
18872,16
18873,3
18874,8
18875,19
18876,15
18877,16
18878,11
18879,14
18880,13
18881,20
18882,5
18883,2
18884,20
18885,16
18886,11
18887,8
18888,17
18889,1
18890,10
18891,4
18892,17
18893,15
18894,14
18895,2
18896,13
18897,0
18898,4
18899,17
18900,20
18901,18
18902,15
18903,9
18904,8
18905,10
18906,3
18907,4
18908,2
18909,13
18910,0
18911,6
18912,20
18913,12
18914,14
18915,18
18916,16
18917,8
18918,3
18919,15
18920,11
18921,14
18922,1
18923,17
18924,13
18925,4
18926,17
18927,7
18928,0
18929,4
18930,15
18931,12
18932,2
18933,15
18934,18
18935,17
18936,2
18937,10
18938,4
18939,12
18940,1
18941,8
18942,18
18943,14
18944,4
18945,6
18946,15
18947,7
18948,8
18949,10
18950,5
18951,12
18952,16
18953,8
18954,2
18955,10
18956,4
18957,5
18958,19
18959,18
18960,5
18961,9
18962,12
18963,14
18964,7
18965,5
18966,11
18967,17
18968,12
18969,8
18970,15
18971,14
18972,10
18973,4
18974,4
18975,5
18976,0
18977,15
18978,8
18979,19
18980,8
18981,1
18982,8
18983,4
18984,8
18985,3
18986,20
18987,6
18988,2
18989,2
18990,12
18991,9
18992,3
18993,10
18994,4
18995,8
18996,2
18997,12
18998,14
18999,13
19000,20
19001,18
19002,20
19003,14
19004,7
19005,7
19006,10
19007,15
19008,17
19009,5
19010,6
19011,9
19012,7
19013,14
19014,20
19015,4
19016,7
19017,8
19018,6
19019,17
19020,1
19021,13
19022,2
19023,12
19024,16
19025,9
19026,20
19027,3
19028,12
19029,5
19030,4
19031,12
19032,15
19033,6
19034,12
19035,0
19036,9
19037,10
19038,9
19039,20
19040,14
19041,0
19042,18
19043,13
19044,14
19045,17
19046,3
19047,13
19048,9
19049,19
19050,13
19051,6
19052,17
19053,15
19054,5
19055,6
19056,16
19057,19
19058,12
19059,20
19060,0
19061,5
19062,19
19063,1
19064,17
19065,14
19066,6
19067,13
19068,17
19069,3
19070,19
19071,5
19072,2
19073,3
19074,1
19075,1
19076,11
19077,11
19078,17
19079,20
19080,4
19081,10
19082,7
19083,7
19084,5
19085,13
19086,2
19087,11
19088,17
19089,7
19090,13
19091,15
19092,10
19093,17
19094,13
19095,14
19096,10
19097,9
19098,8
19099,11
19100,14
19101,10
19102,2
19103,5
19104,13
19105,17
19106,10
19107,16
19108,15
19109,4
19110,17
19111,13
19112,9
19113,3
19114,11
19115,7
19116,4
19117,19
19118,17
19119,9
19120,18
19121,11
19122,11
19123,19
19124,9
19125,20
19126,17
19127,15
19128,18
19129,15
19130,9
19131,1
19132,15
19133,2
19134,11
19135,11
19136,13
19137,19
19138,5
19139,12
19140,12
19141,10
19142,15
19143,15
19144,13
19145,9
19146,0
19147,5
19148,19
19149,9
19150,9
19151,10
19152,19
19153,3
19154,17
19155,0
19156,18
19157,5
19158,14
19159,18
19160,4
19161,18
19162,14
19163,6
19164,3
19165,17
19166,16
19167,5
19168,2
19169,12
19170,7
19171,2
19172,3
19173,14
19174,2
19175,9
19176,6
19177,5
19178,19
19179,14
19180,15
19181,17
19182,20
19183,13
19184,4
19185,4
19186,13
19187,1
19188,5
19189,5
19190,4
19191,13
19192,4
19193,20
19194,3
19195,3
19196,14
19197,0
19198,15
19199,6
19200,14
19201,13
19202,12
19203,9
19204,4
19205,12
19206,8
19207,12
19208,8
19209,15
19210,12
19211,7
19212,9
19213,19
19214,11
19215,10
19216,18
19217,2
19218,3
19219,11
19220,9
19221,3
19222,1
19223,1
19224,0
19225,8
19226,12
19227,2
19228,16
19229,8
19230,7
19231,3
19232,9
19233,15
19234,19
19235,3
19236,19
19237,1
19238,14
19239,18
19240,9
19241,8
19242,20
19243,5
19244,10
19245,13
19246,20
19247,13
19248,15
19249,14
19250,16
19251,12
19252,9
19253,16
19254,2
19255,6
19256,6
19257,18
19258,12
19259,18
19260,6
19261,15
19262,8
19263,7
19264,5
19265,7
19266,17
19267,7
19268,10
19269,1
19270,12
19271,1
19272,17
19273,8
19274,4
19275,17
19276,4
19277,5
19278,18
19279,14
19280,20
19281,15
19282,8
19283,18
19284,12
19285,5
19286,0
19287,7
19288,19
19289,15
19290,3
19291,20
19292,1
19293,6
19294,15
19295,12
19296,15
19297,8
19298,16
19299,6
19300,1
19301,18
19302,13
19303,2
19304,12
19305,18
19306,8
19307,3
19308,11
19309,6
19310,12
19311,20
19312,14
19313,2
19314,12
19315,11
19316,20
19317,15
19318,16
19319,7
19320,17
19321,0
19322,5
19323,15
19324,17
19325,17
19326,20
19327,18
19328,20
19329,2
19330,4
19331,4
19332,12
19333,7
19334,19
19335,10
19336,10
19337,3
19338,11
19339,20
19340,18
19341,9
19342,5
19343,13
19344,17
19345,13
19346,15
19347,4
19348,12
19349,8
19350,0
19351,19
19352,18
19353,19
19354,19
19355,0
19356,18
19357,3
19358,20
19359,11
19360,5
19361,3
19362,11
19363,17
19364,6
19365,14
19366,13
19367,12
19368,0
19369,14
19370,13
19371,0
19372,8
19373,12
19374,13
19375,2
19376,13
19377,18
19378,8
19379,17
19380,5
19381,3
19382,4
19383,14
19384,10
19385,4
19386,16
19387,7
19388,4
19389,0
19390,10
19391,12
19392,12
19393,8
19394,12
19395,14
19396,4
19397,11
19398,18
19399,6
19400,2
19401,18
19402,6
19403,7
19404,20
19405,8
19406,2
19407,1
19408,10
19409,11
19410,19
19411,12
19412,6
19413,4
19414,3
19415,2
19416,17
19417,5
19418,14
19419,13
19420,2
19421,14
19422,4
19423,20
19424,6
19425,4
19426,2
19427,12
19428,18
19429,2
19430,7
19431,11
19432,19
19433,7
19434,13
19435,16
19436,12
19437,7
19438,15
19439,12
19440,13
19441,0
19442,11
19443,4
19444,0
19445,4
19446,19
19447,19
19448,5
19449,20
19450,13
19451,9
19452,20
19453,12
19454,17
19455,13
19456,5
19457,13
19458,12
19459,15
19460,8
19461,6
19462,2
19463,19
19464,12
19465,2
19466,0
19467,13
19468,17
19469,11
19470,12
19471,10
19472,5
19473,14
19474,17
19475,0
19476,11
19477,2
19478,19
19479,10
19480,12
19481,18
19482,2
19483,5
19484,8
19485,7
19486,20
19487,0
19488,13
19489,9
19490,18
19491,17
19492,2
19493,13
19494,6
19495,0
19496,4
19497,3
19498,11
19499,15
19500,7
19501,5
19502,7
19503,6
19504,15
19505,11
19506,12
19507,12
19508,16
19509,15
19510,11
19511,17
19512,3
19513,13
19514,18
19515,7
19516,9
19517,8
19518,18
19519,15
19520,11
19521,18
19522,10
19523,13
19524,0
19525,4
19526,6
19527,6
19528,0
19529,12
19530,12
19531,0
19532,6
19533,14
19534,5
19535,0
19536,18
19537,3
19538,16
19539,0
19540,3
19541,6
19542,19
19543,16
19544,6
19545,6
19546,7
19547,20
19548,4
19549,11
19550,19
19551,3
19552,4
19553,12
19554,4
19555,6
19556,11
19557,7
19558,3
19559,2
19560,8
19561,7
19562,1
19563,0
19564,3
19565,11
19566,7
19567,5
19568,1
19569,14
19570,17
19571,4
19572,16
19573,19
19574,9
19575,12
19576,7
19577,17
19578,19
19579,18
19580,1
19581,17
19582,4
19583,17
19584,17
19585,17
19586,4
19587,4
19588,18
19589,3
19590,10
19591,4
19592,3
19593,10
19594,6
19595,10
19596,2
19597,20
19598,3
19599,16
19600,20
19601,7
19602,3
19603,9
19604,15
19605,20
19606,7
19607,11
19608,11
19609,11
19610,12
19611,17
19612,20
19613,8
19614,5
19615,8
19616,18
19617,12
19618,5
19619,8
19620,1
19621,13
19622,8
19623,9
19624,6
19625,13
19626,2
19627,15
19628,0
19629,6
19630,15
19631,14
19632,9
19633,9
19634,5
19635,6
19636,8
19637,17
19638,18
19639,10
19640,16
19641,7
19642,9
19643,8
19644,18
19645,19
19646,17
19647,17
19648,10
19649,7
19650,10
19651,5
19652,17
19653,9
19654,1
19655,3
19656,11
19657,0
19658,18
19659,19
19660,11
19661,8
19662,10
19663,8
19664,2
19665,5
19666,18
19667,14
19668,5
19669,1
19670,16
19671,11
19672,19
19673,15
19674,6
19675,0
19676,10
19677,19
19678,20
19679,19
19680,8
19681,8
19682,0
19683,4
19684,12
19685,11
19686,0
19687,19
19688,11
19689,17
19690,2
19691,12
19692,15
19693,13
19694,5
19695,20
19696,20
19697,1
19698,19
19699,7
19700,14
19701,3
19702,15
19703,7
19704,19
19705,0
19706,14
19707,6
19708,10
19709,19
19710,1
19711,0
19712,11
19713,7
19714,15
19715,3
19716,16
19717,9
19718,8
19719,16
19720,20
19721,12
19722,1
19723,10
19724,5
19725,0
19726,18
19727,13
19728,0
19729,3
19730,12
19731,16
19732,20
19733,14
19734,9
19735,19
19736,3
19737,10
19738,15
19739,8
19740,1
19741,7
19742,10
19743,9
19744,8
19745,17
19746,0
19747,1
19748,14
19749,9
19750,1
19751,4
19752,9
19753,4
19754,13
19755,18
19756,15
19757,3
19758,9
19759,17
19760,2
19761,12
19762,11
19763,4
19764,18
19765,5
19766,17
19767,13
19768,11
19769,10
19770,18
19771,4
19772,3
19773,16
19774,2
19775,8
19776,12
19777,8
19778,19
19779,13
19780,10
19781,14
19782,6
19783,5
19784,11
19785,0
19786,19
19787,13
19788,18
19789,1
19790,7
19791,7
19792,19
19793,2
19794,3
19795,18
19796,4
19797,14
19798,11
19799,5
19800,11
19801,0
19802,3
19803,18
19804,11
19805,19
19806,11
19807,0
19808,14
19809,17
19810,1
19811,5
19812,9
19813,18
19814,0
19815,1
19816,5
19817,9
19818,2
19819,8
19820,14
19821,2
19822,0
19823,2
19824,20
19825,0
19826,20
19827,10
19828,9
19829,13
19830,10
19831,14
19832,5
19833,2
19834,18
19835,12
19836,3
19837,13
19838,15
19839,17
19840,2
19841,0
19842,18
19843,11
19844,11
19845,15
19846,2
19847,4
19848,0
19849,19
19850,13
19851,9
19852,5
19853,19
19854,8
19855,16
19856,7
19857,15
19858,16
19859,15
19860,3
19861,1
19862,4
19863,9
19864,3
19865,5
19866,6
19867,9
19868,5
19869,18
19870,10
19871,8
19872,6
19873,10
19874,9
19875,2
19876,4
19877,3
19878,3
19879,20
19880,9
19881,2
19882,6
19883,9
19884,2
19885,11
19886,5
19887,14
19888,17
19889,16
19890,7
19891,18
19892,18
19893,6
19894,18
19895,11
19896,6
19897,5
19898,14
19899,5
19900,14
19901,20
19902,14
19903,17
19904,15
19905,5
19906,14
19907,16
19908,6
19909,10
19910,10
19911,14
19912,12
19913,1
19914,19
19915,19
19916,3
19917,8
19918,9
19919,18
19920,20
19921,11
19922,18
19923,18
19924,3
19925,15
19926,0
19927,20
19928,2
19929,16
19930,7
19931,6
19932,19
19933,13
19934,6
19935,15
19936,3
19937,6
19938,20
19939,14
19940,10
19941,7
19942,8
19943,11
19944,17
19945,11
19946,8
19947,14
19948,15
19949,10
19950,13
19951,16
19952,7
19953,10
19954,4
19955,1
19956,18
19957,12
19958,19
19959,4
19960,20
19961,9
19962,19
19963,14
19964,6
19965,16
19966,1
19967,20
19968,13
19969,0
19970,2
19971,5
19972,9
19973,1
19974,16
19975,12
19976,4
19977,0
19978,3
19979,4
19980,13
19981,18
19982,16
19983,20
19984,20
19985,16
19986,13
19987,4
19988,10
19989,15
19990,9
19991,7
19992,17
19993,14
19994,11
19995,4
19996,16
19997,10
19998,7
19999,14
20000,6
